dataset,method,run_id,n_tasks,accuracy_all_avg,accuracy_final,accuracy_seen_avg,ace_all_avg,ace_final,ace_seen_avg,backward_transfer,brier_all_avg,brier_final,ece_final,ece_seen_avg,ece_all_avg,forward_transfer,sce_all_avg,sce_final,sce_seen_avg,asce_final
cifar100,linear,2917091_1,10,0.40324997901916504,0.6643000245094299,0.7782185673713684,0.00888903450559895,9.127905337125481e-05,3.627057921947172e-05,-0.10371110588312149,0.8650319603826253,0.4505613464140224,0.032467754411697386,0.023132508133538073,0.28082329291671515,0.0,0.007849476040649414,0.0006094856567382812,0.00040075911938046655,0.0006080838623046873
cifar100,linear,2917080_4,10,0.4030999541282654,0.6685000658035278,0.7773652076721191,0.008888175696553749,3.92652086945317e-05,2.7862475860676762e-05,-0.10291111469268799,0.861300293034194,0.441696291656227,0.028633088588714627,0.020609858236667666,0.2793944635973871,0.0,0.007769000518798828,0.0005049519958496097,0.0003406288192385721,0.000493554931640625
cifar100,linear,2917092_2,10,0.40042001008987427,0.662100076675415,0.7737842202186584,0.008874337080346127,5.2041102341580786e-05,2.7680053224796646e-05,-0.11015555262565613,0.8644917446461327,0.44858775331119033,0.03526158981323243,0.02493029961103011,0.28333085657358165,0.0,0.007847876098632812,0.0006618907165527346,0.00042418658695977826,0.0006546406555175778
cifar100,linear,2916795_0,10,0.40130001306533813,0.6702999472618103,0.7725937962532043,0.008899073226139611,5.0848875950935184e-05,2.0627329354144564e-05,-0.09726667404174805,0.8662152814570108,0.44230658028559117,0.02471581187248229,0.021826641727714313,0.2823816867569089,0.0,0.007816095065307617,0.00047582354736328117,0.0003785806345818535,0.00047744473266601536
cifar100,linear,2917093_3,10,0.4008699953556061,0.6615999937057495,0.7735306024551392,0.008892500388322627,6.541184861466141e-05,2.988035281253892e-05,-0.10819999128580093,0.865416993415228,0.45158229012636075,0.03293428521156309,0.021808720558768226,0.2818507637383044,0.0,0.007826363507080077,0.000618367645263672,0.0003845843616636973,0.0006209177246093748
cifar100,joint,2934784_1,1,0.9017000198364258,0.9017000198364258,0.9017000198364258,7.798164738649104e-06,7.798164738649104e-06,7.798164738649104e-06,,0.13986647535571145,0.13986647535571145,0.006385777858644673,0.006385777858644673,0.006385777858644673,,8.922807312011669e-05,8.922807312011669e-05,8.922807312011669e-05,9.122776794433552e-05
cifar100,joint,2917148_4,1,0.9020000100135803,0.9020000100135803,0.9020000100135803,3.4963600855114987e-06,3.4963600855114987e-06,3.4963600855114987e-06,,0.140112366924211,0.140112366924211,0.008048972404003088,0.008048972404003088,0.008048972404003088,,0.00014103713989257756,0.00014103713989257756,0.00014103713989257756,0.00014281101226806678
cifar100,joint,2931764_0,1,0.9063000082969666,0.9063000082969666,0.9063000082969666,9.094221867942085e-06,9.094221867942085e-06,9.094221867942085e-06,,0.13638439599700622,0.13638439599700622,0.0037826997160911842,0.0037826997160911842,0.0037826997160911842,,8.135247802734404e-05,8.135247802734404e-05,8.135247802734404e-05,8.388661193847652e-05
cifar100,joint,2934796_2,1,0.9043999910354614,0.9043999910354614,0.9043999910354614,6.510430199602923e-06,6.510430199602923e-06,6.510430199602923e-06,,0.13744815581796788,0.13744815581796788,0.007096606469154417,0.007096606469154417,0.007096606469154417,,9.981674194336002e-05,9.981674194336002e-05,9.981674194336002e-05,0.00010089174652099615
cifar100,joint,2934813_3,1,0.9063000082969666,0.9063000082969666,0.9063000082969666,6.744556605406956e-06,6.744556605406956e-06,6.744556605406956e-06,,0.13835166084270978,0.13835166084270978,0.007441359075903833,0.007441359075903833,0.007441359075903833,,0.00013881131744384703,0.00013881131744384703,0.00013881131744384703,0.0001361714935302735
cifar100,replay,2926856_3,10,0.47617998719215393,0.8068000078201294,0.894267201423645,0.008735943592332141,0.00011093132581532672,3.389080711133485e-05,-0.1237555518746376,0.7958960769404895,0.2801203272857312,0.057195194406062376,0.02356010529661106,0.30832430280067025,0.0,0.00795793667602539,0.0011428449554443361,0.0004633590545262608,0.0011435918273925785
cifar100,replay,2925044_0,10,0.47672000527381897,0.8055999875068665,0.8946000933647156,0.008778895793912828,0.00011410518910066379,3.7887444567701945e-05,-0.12235556542873383,0.7970246437504327,0.2757293479834286,0.05856853161454205,0.02563267876204755,0.31051867370873687,0.0,0.008007289976501464,0.001099297714233399,0.0004769929795864084,0.0011000642700195312
cifar100,replay,2917145_4,10,0.4747700095176697,0.8044999837875366,0.892589271068573,0.008785918873940344,0.00015007264909945735,4.3005827043980554e-05,-0.12617777287960052,0.8000121057991523,0.2838740471619996,0.0638793558478355,0.026547343997017477,0.31129453414276237,0.0,0.008023983383178711,0.001252456878662109,0.0005131667904335354,0.0012524122161865232
cifar100,replay,2926800_2,10,0.4784500002861023,0.8104999661445618,0.8983097076416016,0.008742109271149252,0.00013088351039378945,3.9142656748714316e-05,-0.12293332070112228,0.7941639822346952,0.27736325483618773,0.054416568797826775,0.024065236677991035,0.30748843807436527,0.0,0.00797374284515381,0.0011169967498779298,0.0004648535732148187,0.0011176436614990229
cifar100,replay,2925045_1,10,0.47644004225730896,0.8076000213623047,0.8949249386787415,0.008757193497609558,0.0001448191256138382,4.2063569331179376e-05,-0.1238444447517395,0.7998323593245142,0.2801158424447185,0.057993418864905805,0.025905041422577834,0.3126241546436399,0.0,0.008021788792419434,0.001137875518798828,0.0004953977114469285,0.0011358979644775394
cifar100,ball,2917144_4,10,0.4665500223636627,0.8069999814033508,0.8755344152450562,0.008727137165507284,3.741337553484339e-05,1.705981173305351e-05,-0.07442221790552139,0.8037384840472317,0.27043992876030926,0.01265315691232681,0.013297110163927794,0.29449756406575445,0.0,0.007780474821472168,0.00017510057067871097,0.00020164164783926245,0.000172315673828125
cifar100,ball,2919942_0,10,0.4692400395870209,0.8128000497817993,0.8800767660140991,0.008627972561830061,2.1942505289511127e-05,1.1930556460752876e-05,-0.06544443964958191,0.7969638101753577,0.26417658807513683,0.014438341575860963,0.013276402263083163,0.2946113133461774,0.0,0.007738296224975587,0.0002545157165527344,0.00023596605737852684,0.0002559746704101565
cifar100,ball,2924856_3,10,0.4688200056552887,0.8115999102592468,0.8806297183036804,0.008649589088343696,1.788544330702288e-05,1.5014484106370995e-05,-0.06531110405921936,0.8004740082222934,0.268442094608245,0.01591021414995194,0.014945772557462008,0.2928264924687147,0.0,0.007757677479553224,0.00022676033020019532,0.00022292289696761525,0.00022904156494140624
cifar100,ball,2924483_2,10,0.4701700210571289,0.8147000074386597,0.8825241327285767,0.008744249529019501,2.123268246329174e-05,1.3254176322963095e-05,-0.06215557083487511,0.7975246089142695,0.264549385821465,0.011936795580387113,0.011347618007940206,0.28966006859421733,0.0,0.007759668588256836,0.00017147003173828134,0.00019069537280987193,0.0001705457153320312
cifar100,ball,2924430_1,10,0.4662800431251526,0.8030000925064087,0.8763992190361023,0.008692899183110756,2.461939204846676e-05,1.28107286271022e-05,-0.07411111146211624,0.7978210273920225,0.27276853571632764,0.011775967895984648,0.01299350324752667,0.2882101190340519,0.0,0.007697600558471679,0.00023812242126464836,0.00022519604524392933,0.0002381442871093751
cifar100,der,2931452_1,10,0.4855100214481354,0.8291000127792358,0.907618522644043,0.00850810054073236,0.000229229650564492,7.589893461202118e-05,-0.10073333233594894,0.7829458742316169,0.25180944850886067,0.030602311068773314,0.017958089970800842,0.2964939337392897,0.0,0.007407241946411132,0.0005791871337890628,0.00031068670072706916,0.0005787782287597655
cifar100,der,2931529_3,10,0.48416003584861755,0.8279999494552612,0.9048473238945007,0.008522353983785726,0.00024712673196196496,8.422903955644338e-05,-0.10053333640098572,0.7838428157380559,0.2522928899229465,0.03372658805847166,0.01766122221728164,0.2977502813702822,0.0,0.007403987969970702,0.0005895742645263671,0.0003362543067585853,0.0005895870056152345
cifar100,der,2931528_2,10,0.48436999320983887,0.8234999775886536,0.9069392085075378,0.008516018666310842,0.00022519856061786444,7.786292748654012e-05,-0.10442221909761429,0.7824433439748644,0.2552193683440358,0.03182536671161654,0.017557228456554663,0.29502655153620994,0.0,0.007394124085998534,0.000601114685058594,0.0003387634663850541,0.0005977996063232427
cifar100,der,2917147_4,10,0.48420000076293945,0.8214999437332153,0.9065960049629211,0.008518580636298146,0.00021565146698243837,7.526248326536937e-05,-0.10215555876493454,0.7837422147338513,0.25904149830713025,0.028199357424303878,0.01851177608656505,0.2960860461489484,0.0,0.00737486658782959,0.0005910954589843748,0.0003387107754583397,0.0005901856994628906
cifar100,der,2931320_0,10,0.4836999773979187,0.8279000520706177,0.9048423767089844,0.008507559987629205,0.00016404437972139679,7.532934151389806e-05,-0.10504444688558578,0.7847190276208253,0.2533695645535911,0.03379904143661261,0.017720243896891676,0.29784001338385047,0.0,0.007426883966064453,0.0006012538452148437,0.0003381481578164631,0.0006001670074462891
cifar100,gdumb,2930567_3,10,0.4609200060367584,0.7851999998092651,0.8695966005325317,0.008636142980739475,0.0002900385474525393,0.00012624334283231235,-0.07533333450555801,0.7929220674076164,0.3010566927241275,0.01994487371444701,0.017475929820665287,0.269191590641737,0.0,0.007307318841552735,0.00047516851806640595,0.00041766378318695786,0.00047244326782226574
cifar100,gdumb,2929914_2,10,0.46323999762535095,0.7938999533653259,0.8733345866203308,0.008581324843299949,0.00024668910818547,0.0001312892239165806,-0.07177777588367462,0.7893944571279035,0.2896220889414344,0.020321891007944962,0.01880016546150582,0.2684618884604052,0.0,0.007305120726013184,0.0004722234649658206,0.00041830066792094536,0.00047186131286621114
cifar100,gdumb,2917146_4,10,0.45819997787475586,0.7759999632835388,0.8663040995597839,0.008600130518675784,0.00032219977166876124,0.0001550625985686452,-0.07751110941171646,0.7926958370476918,0.31119542823549246,0.016992948937416104,0.01653385929496517,0.2665398571473361,0.0,0.007262936764526368,0.0004363638000488284,0.0004047840387537367,0.0004298851013183594
cifar100,gdumb,2929189_1,10,0.4596099853515625,0.7835999727249146,0.867577850818634,0.008613187018384693,0.0003018678089417522,0.0001295867680011051,-0.08213333785533905,0.7949471672087213,0.30488163684057096,0.020182828974723826,0.019177244245698534,0.26917237205624583,0.0,0.007344414190673827,0.00055207421875,0.00042086106573740653,0.0005505632324218755
cifar100,gdumb,2927240_0,10,0.4590299725532532,0.7775999307632446,0.8665252923965454,0.008685298319033348,0.00025215568576008,0.00013608209798490436,-0.07537776976823807,0.7931661076217318,0.30945016767787276,0.0159082441806793,0.018639805761140483,0.2652318014719337,0.0,0.007305792929077149,0.00045975531005859333,0.0004496548960356484,0.0004576834411621095
cifar100,rwalk,2934940_3,10,0.46724995970726013,0.8097000122070312,0.878622829914093,0.008717033913510546,1.0520502209691953e-05,1.37170625340103e-05,-0.08955556899309158,0.8160649070271176,0.26980246350433185,0.027750457099080042,0.019198897221615274,0.3103215539601445,0.0,0.007996363073730469,0.0005697568206787105,0.00037136768455391843,0.0005704921417236325
cifar100,rwalk,2934930_1,10,0.4679700434207916,0.8135000467300415,0.8799955248832703,0.008664145790037898,3.2659049983283056e-05,1.534022914769403e-05,-0.08455555140972137,0.81169709912271,0.2677275817130417,0.03023834708929063,0.02222972569497746,0.3101178042661398,0.0,0.007963150230407714,0.0005869701690673827,0.00041269678269397647,0.0005825254058837895
cifar100,rwalk,2934925_0,10,0.4667399823665619,0.8032000660896301,0.8769598007202148,0.008720403923785053,3.675352558906882e-05,2.016668143042587e-05,-0.08122222870588303,0.8098629933268822,0.27771232591607214,0.03343436192274092,0.02063307557241075,0.3070169042089582,0.0,0.00795999234313965,0.0006735292663574218,0.00038873208819939986,0.0006740772094726564
cifar100,rwalk,2917149_4,10,0.46386998891830444,0.802299976348877,0.8720186948776245,0.008719047815198184,3.7568526185453326e-05,2.1562562168552108e-05,-0.0872444435954094,0.8150569608259264,0.2832237968797639,0.030737111169099784,0.02459393473390342,0.3097922558170558,0.0,0.008006423796081543,0.000657882125854492,0.00047125906306826884,0.0006610768127441405
cifar100,rwalk,2934939_2,10,0.4679900109767914,0.814799964427948,0.8789340853691101,0.008727437297853852,2.5849549854785783e-05,1.4887269885787189e-05,-0.0830666646361351,0.8177578587631004,0.26407848690174807,0.022912208342552216,0.01978240542051811,0.3146703443856537,0.0,0.00801570357055664,0.00044554562377929714,0.00037988855189728356,0.0004457200164794922
cifar100,lora,2919845_2,10,0.3941499888896942,0.6111000180244446,0.7752363681793213,0.008933804338757314,0.0006183792038089164,0.000207084746109565,-0.2979999780654907,0.9339600887167352,0.5648684606960289,0.17159728051722048,0.08557283687401149,0.36976445536419744,0.0,0.009006862817382812,0.0034462787780761717,0.0017091873466089605,0.003453080352783203
cifar100,lora,2919847_3,10,0.39528998732566833,0.6057000160217285,0.776727020740509,0.008967107929504125,0.0006685834270108906,0.00022895027276187923,-0.2967555522918701,0.9355479137081293,0.5788627970304373,0.17962733805179595,0.08613985145208737,0.37141368515446777,0.0,0.009038805700683595,0.0036087589721679686,0.0017168970099551337,0.003604383270263672
cifar100,lora,2917154_0,10,0.3902599811553955,0.6018999814987183,0.7715329527854919,0.009030826427873666,0.0006894991690666505,0.0002828065706815428,-0.305733323097229,0.9363227824618475,0.5921613707150257,0.1931098776370287,0.09160169717829733,0.36934038296416405,0.0,0.009076927896118164,0.003931468597412109,0.0018240768028401193,0.003930805847167969
cifar100,lora,2919792_1,10,0.39666998386383057,0.617400050163269,0.7770057916641235,0.008918182149501151,0.0006761337306797076,0.00020044158266045367,-0.2987111210823059,0.9258054321407407,0.5584432003655089,0.16269704871475696,0.08123434916016807,0.36248763114217664,0.0,0.008861418350219728,0.0032878544616699217,0.0016108087382575823,0.003287129058837891
cifar100,lora,2917143_4,10,0.3936300277709961,0.5909000635147095,0.7719336748123169,0.008975848118742009,0.0008085410886943271,0.0002434334287671135,-0.30482223629951477,0.9332291764225292,0.6096175424769188,0.19261791591644284,0.08762572269768085,0.3663419658210873,0.0,0.008959776766967773,0.003936557647705078,0.0017501870878092827,0.0039378134460449216
domainnet,rwalk,2988275_0,5,0.44824713468551636,0.7069455981254578,0.772861897945404,0.002256926047470971,3.069185034715877e-05,1.5347172839649623e-05,-0.0734754279255867,0.7550893734894013,0.3962295713407857,0.02122603759599887,0.014067905181053391,0.20936246492530358,0.0,0.0016925107772137907,0.00011610353086050568,6.253201507171535e-05,0.00011629541585628076
domainnet,rwalk,2988370_1,5,0.44727104902267456,0.7041219472885132,0.7715688347816467,0.0022414318819186365,3.597299202303242e-05,1.6752026011280066e-05,-0.07496954500675201,0.7546637898139565,0.39803476105178076,0.024524133778674545,0.014981741206939719,0.20928974802855863,0.0,0.0016877395291191282,0.0001394235251426228,6.950339792442087e-05,0.00013921694435028447
domainnet,rwalk,2964434_4,5,0.4486114978790283,0.70818692445755,0.773712694644928,0.00223920180814474,3.7015694492508204e-05,2.011305883786866e-05,-0.07131855189800262,0.7544298284128207,0.39302585263724743,0.02167884606160546,0.014559699044434545,0.21068162639890775,0.0,0.0016959295734064804,0.00012991740836009372,7.137009172215606e-05,0.0001302605581339685
domainnet,rwalk,2988468_2,5,0.4477633833885193,0.70588219165802,0.7720638513565063,0.0022469133475638723,2.8585596598926584e-05,1.9173192302305e-05,-0.06863108277320862,0.7574023377016349,0.3962850162856922,0.021569875614614563,0.013755850154082117,0.21285960468243056,0.0,0.0017177288334599065,0.00011701292830679361,6.733980840766969e-05,0.00011684875980055741
domainnet,rwalk,2988776_3,5,0.44789379835128784,0.7062159776687622,0.772141695022583,0.002252987894378681,3.3083957419277236e-05,1.708393860057325e-05,-0.06558718532323837,0.7559923327437573,0.3957541170340846,0.02242968690479518,0.014872465400233171,0.21158215852178497,0.0,0.001712229886112713,0.00012578283079650902,7.463121942207599e-05,0.0001258192528119256
domainnet,lora,2967970_3,5,0.42594724893569946,0.6502359509468079,0.7447589635848999,0.00224399560581538,3.7904037580083876e-05,1.9130415985828637e-05,-0.17133933305740356,0.7773954904977148,0.46592782428727114,0.026100933367419393,0.014758871174433013,0.20730691876621576,0.0,0.0016830440165932123,0.00015615910495264895,7.657451951664944e-05,0.00015626040485789653
domainnet,lora,2966699_0,5,0.4235747456550598,0.6473909020423889,0.7416445016860962,0.002250118522840954,6.202261524221129e-05,2.5767464919459873e-05,-0.18316414952278137,0.7786384292204077,0.4664092470847211,0.02911395206493301,0.015982221166401012,0.20782659757655506,0.0,0.0016802310640128056,0.00017437748144582082,8.696400351284437e-05,0.00017415977646182578
domainnet,lora,2964428_4,5,0.425508588552475,0.6515399813652039,0.7441422343254089,0.0022335172540096267,4.580847890637963e-05,2.406031631875987e-05,-0.16983601450920105,0.777798092098785,0.4609920245161137,0.02600520073330272,0.01402064804769548,0.20900586240167915,0.0,0.001686339968792765,0.00016254698089929694,7.97853276304147e-05,0.0001627640927044653
domainnet,lora,2966744_1,5,0.42274266481399536,0.6408503651618958,0.7399488091468811,0.0022373698950001854,6.316524029703906e-05,2.7887986586565054e-05,-0.1815134733915329,0.7812261291015946,0.47409058898730116,0.03264803498084762,0.017958069181716867,0.21094591215533298,0.0,0.0016991350315809874,0.00019801839800507773,0.00010457316127105942,0.00019795678259879312
domainnet,lora,2967968_2,5,0.42461293935775757,0.6520800590515137,0.743003249168396,0.002235113087917837,3.8623321354332074e-05,2.3124946694612457e-05,-0.177250936627388,0.7797974119939444,0.46062566968496066,0.021205351481102527,0.014002946132864236,0.208503504894224,0.0,0.0016910142146045518,0.00013142032299555582,7.666756689907376e-05,0.00013143913762537996
domainnet,linear,2999464_2,5,0.43530207872390747,0.6875391006469727,0.7502104640007019,0.0022503525009111773,3.963860309836642e-05,2.7251031575523765e-05,-0.07058060169219971,0.7621930008688563,0.4169423813611752,0.023160320553193326,0.016900980423913935,0.20077055836705676,0.0,0.0016446889642193249,0.00010977532369103544,6.643427283415762e-05,0.00010975758680865664
domainnet,linear,3003806_3,5,0.43602681159973145,0.6889455914497375,0.7507817149162292,0.0022558142145764726,3.59301154904732e-05,2.4156466210011247e-05,-0.06947982311248779,0.7626785835390496,0.41565774716039766,0.024288750356863488,0.01828261193333199,0.20068979911580595,0.0,0.0016418535410224113,0.00010583570562756643,6.988079285943533e-05,0.00010556171966941044
domainnet,linear,2990698_0,5,0.4349701404571533,0.6872888207435608,0.7491986155509949,0.0022602867343861507,3.8496511808246905e-05,2.6041368031620157e-05,-0.07177958637475967,0.7619037300034995,0.417024053619701,0.023917003104752685,0.017181020231318823,0.20065450336062746,0.0,0.0016449409992190436,0.00011315515638944891,6.911325591834573e-05,0.00011347681805146401
domainnet,linear,2970739_4,5,0.43414878845214844,0.6845826506614685,0.7484642267227173,0.0022506912550122964,3.4485017174935505e-05,2.5493534454090218e-05,-0.07029333710670471,0.764024854581357,0.4192506493923221,0.023598340142505364,0.017537913709309082,0.20113865120549237,0.0,0.0016411589302873838,0.00011335806949861997,7.339982100734114e-05,0.00011362536757437167
domainnet,linear,2999463_1,5,0.4344080090522766,0.6859610080718994,0.7485142946243286,0.002247851532361808,3.730071658741496e-05,2.5142912417964144e-05,-0.07392872869968414,0.7623996140662995,0.41861779687277834,0.024521468913005412,0.01651622125636403,0.20113348486105367,0.0,0.0016452665215562108,0.00011693584012322909,7.034929003078267e-05,0.00011700992481681948
domainnet,ball,2964429_4,5,0.44555559754371643,0.7034553289413452,0.7677447199821472,0.0022793251274064014,6.83193022155857e-05,3.81752999648493e-05,-0.07568249106407166,0.7676262164953952,0.39919118278207144,0.032442054546770814,0.021295203319236004,0.22737052365600935,0.0,0.0018093920874935922,0.00019525794843453087,0.0001241877922131299,0.00019529469628057044
domainnet,ball,2967971_0,5,0.4463082253932953,0.704667866230011,0.7688297033309937,0.002276448849384184,6.547583252302939e-05,3.654098166389277e-05,-0.06943614780902863,0.7664021991976735,0.3971466356868167,0.027272552270815646,0.019068073079109814,0.22560981526822732,0.0,0.001801983973206395,0.00016871211819655504,0.0001150817956641939,0.00016869110212136735
domainnet,ball,2968412_1,5,0.4449012875556946,0.7022008895874023,0.7667340040206909,0.0022713076016232995,6.609231349909154e-05,3.586896001705582e-05,-0.07643432915210724,0.7655576834849673,0.40121092698263366,0.03172958734587139,0.019529268067028347,0.22450785869994844,0.0,0.0017933779986095328,0.00019098227785652804,0.00011564897015744312,0.0001909874410187087
domainnet,ball,2968413_2,5,0.4451058506965637,0.7025062441825867,0.7669137716293335,0.0022684166947068685,6.331775007716118e-05,3.50818199713552e-05,-0.07593992352485657,0.7647690625397129,0.4005151555960197,0.029695125170090226,0.019008465154127237,0.22222989440380886,0.0,0.0017831749685555739,0.00017827184247120941,0.00011349869098155702,0.0001783082853732044
domainnet,ball,2968538_3,5,0.44565391540527344,0.7040202021598816,0.767979085445404,0.0022746537990338983,6.919617757912323e-05,3.916634455697095e-05,-0.0750378891825676,0.7653594546850087,0.39919631905426844,0.030754919741860873,0.019409661794774314,0.2245776576085658,0.0,0.0017972250506993787,0.00018865093468460964,0.00011687824429208496,0.00018861165120795178
domainnet,replay,2970081_3,5,0.36953064799308777,0.5034226775169373,0.6741801500320435,0.0026024404802105754,0.0008956432485605753,0.00037243783290166684,-0.33287695050239563,0.8535778451846421,0.6662920514174886,0.1655166275826191,0.07686088851877608,0.2620992688526835,0.0,0.002096131437207371,0.0011954998171846251,0.0005496860671280844,0.0011954869009245413
domainnet,replay,2968543_1,5,0.37054482102394104,0.5049972534179688,0.6761835217475891,0.0025936505443828915,0.0008808196636043643,0.0003707569627368788,-0.3308935761451721,0.8517439486620303,0.664403591769235,0.16255530387980155,0.07455385246557444,0.25921680726061147,0.0,0.0020876919445141687,0.001183625095574309,0.0005488748728424066,0.0011835948601634152
domainnet,replay,2964430_4,5,0.37162071466445923,0.5129224061965942,0.6765991449356079,0.002593398673381499,0.0008776393982285882,0.000366914245348395,-0.3298960328102112,0.8519753874328524,0.6582236134790269,0.1610686206486326,0.07570732276304243,0.2606933728924795,0.0,0.0020810037312665904,0.001167978633863085,0.0005427580085851173,0.0011676189168552222
domainnet,replay,2970075_2,5,0.36939382553100586,0.5037656426429749,0.6741889715194702,0.0025917536511868115,0.0008780329256070805,0.00036092493882718227,-0.33403322100639343,0.8540458220839613,0.6675899266242135,0.16968887096546198,0.07798101823003042,0.2628096566477148,0.0,0.0020981455333044857,0.0012150391444422245,0.0005527689547899783,0.001214820361710784
domainnet,replay,2968539_0,5,0.3681371808052063,0.5038579702377319,0.6731201410293579,0.0025925311223205525,0.0008692619392143531,0.00036242380863342374,-0.3384748697280884,0.8549677400492728,0.6640797243054735,0.16289608439237563,0.07723549574910274,0.261716600406218,0.0,0.002091127455817822,0.0011935434799959592,0.0005497976334230155,0.0011934530411114807
domainnet,der,2985521_3,5,0.40488117933273315,0.5957782864570618,0.7177452445030212,0.002316359999846864,9.955757657332585e-05,7.604432476920463e-05,-0.21668648719787598,0.7967956900542383,0.5456869020798665,0.043758419626215295,0.025109315818729307,0.1973640864372411,0.0,0.0015424633390822284,0.00022734358016705374,0.00012199751930379053,0.00022725188391055522
domainnet,der,2964432_4,5,0.40666189789772034,0.5972248315811157,0.7201983332633972,0.002312349923046014,0.00011362100562970074,7.88649873868099e-05,-0.213177889585495,0.7957050014751678,0.5443894200713221,0.0421505830962977,0.024237652119727997,0.19702514776589383,0.0,0.001546625408395769,0.00023420105741053497,0.00011643458233467828,0.0002343558436657532
domainnet,der,2977234_2,5,0.4052824378013611,0.5960127115249634,0.7183392643928528,0.002311880888744354,9.334396016405454e-05,7.505547900526952e-05,-0.21698975563049316,0.7973027630564938,0.5466329325866949,0.042365413216395455,0.024239002889873556,0.19617594363841367,0.0,0.0015345597859652525,0.00022298051179038731,0.00011494093991602696,0.00022291114328620008
domainnet,der,2977171_1,5,0.40498465299606323,0.5946391224861145,0.7180727124214172,0.0022995102649308514,0.000100568152593014,7.169102550925805e-05,-0.2168770581483841,0.7975790502473146,0.5483959864233431,0.0437114124514722,0.02507540325869125,0.1972885765524961,0.0,0.0015429008694556581,0.00021027250760279477,0.00011341341529223308,0.00021053196903433018
domainnet,der,2976656_0,5,0.40695029497146606,0.5974725484848022,0.7208633422851562,0.0023102572525727804,0.00010131957993116209,7.39307258098047e-05,-0.21323303878307343,0.7957857403691283,0.5450138625746456,0.042399574307347615,0.023517633108836273,0.19900518279509555,0.0,0.001557164573675112,0.0002404563202935958,0.00012274534710160438,0.0002406944774151616
domainnet,joint,2986984_3,1,0.752945601940155,0.752945601940155,0.752945601940155,1.5226019540361086e-05,1.5226019540361086e-05,1.5226019540361086e-05,,0.33439573201739503,0.33439573201739503,0.014502823630070823,0.014502823630070823,0.014502823630070823,,5.2373178888201095e-05,5.2373178888201095e-05,5.2373178888201095e-05,5.2152186356765704e-05
domainnet,joint,2986863_1,1,0.7495336532592773,0.7495336532592773,0.7495336532592773,1.5916679699371786e-05,1.5916679699371786e-05,1.5916679699371786e-05,,0.33694286080697344,0.33694286080697344,0.012566615039349565,0.012566615039349565,0.012566615039349565,,6.903895575320927e-05,6.903895575320927e-05,6.903895575320927e-05,6.874673163479323e-05
domainnet,joint,2986878_2,1,0.7516233325004578,0.7516233325004578,0.7516233325004578,1.5335278940391694e-05,1.5335278940391694e-05,1.5335278940391694e-05,,0.33518802615582033,0.33518802615582033,0.013978858238516207,0.013978858238516207,0.013978858238516207,,5.588692379537825e-05,5.588692379537825e-05,5.588692379537825e-05,5.6026312464998844e-05
domainnet,joint,2964433_4,1,0.7524970173835754,0.7524970173835754,0.7524970173835754,2.9038960063495905e-05,2.9038960063495905e-05,2.9038960063495905e-05,,0.33517509586159144,0.33517509586159144,0.013661016993099212,0.013661016993099212,0.013661016993099212,,8.281211277954572e-05,8.281211277954572e-05,8.281211277954572e-05,8.292826304203676e-05
domainnet,joint,2986641_0,1,0.7498288154602051,0.7498288154602051,0.7498288154602051,2.2175188513582366e-05,2.2175188513582366e-05,2.2175188513582366e-05,,0.33698734312969525,0.33698734312969525,0.01488384870944549,0.01488384870944549,0.01488384870944549,,8.925286101075929e-05,8.925286101075929e-05,8.925286101075929e-05,8.931213712026285e-05
domainnet,gdumb,2975226_3,5,0.3455502390861511,0.5069729089736938,0.6187762022018433,0.0023681727502166657,0.00037426767770151786,0.00022404615183852162,-0.12660758197307587,0.8609402024035985,0.6318884430462722,0.066869099552084,0.044846847679456195,0.21907626879583697,0.0,0.0017905805238191848,0.0004896146658744178,0.00033016563544152524,0.0004892865377277293
domainnet,gdumb,2974538_1,5,0.3431546092033386,0.49930310249328613,0.6167004704475403,0.0023670879919198886,0.00036785819657618587,0.00021859240474238336,-0.11872392892837524,0.8656018740127032,0.6369426512630696,0.056628405477825515,0.0438644680211974,0.22000787745445116,0.0,0.0017912039263601992,0.00042694833051099197,0.0003243510516722754,0.00042700540935244755
domainnet,gdumb,2974857_2,5,0.3410378396511078,0.4996693730354309,0.6135127544403076,0.002378975238829464,0.0003804029061079251,0.00022691755581101146,-0.12145829200744629,0.8693909089674448,0.6384632217472777,0.05936296146449839,0.04631207546536249,0.22344797554411536,0.0,0.0018227255912346702,0.00046003060710510143,0.00034370459090368505,0.000460240375189304
domainnet,gdumb,2964431_4,5,0.34310781955718994,0.5023981332778931,0.6156737208366394,0.002377752888967614,0.00039558971808965285,0.00022316433045460084,-0.12281008064746857,0.8599624585847121,0.634626361339814,0.06328594554275922,0.03999300861714126,0.21413717083727066,0.0,0.0017593836285295951,0.0004574749754996759,0.00029722803062726827,0.00045746838369553237
domainnet,gdumb,2974395_0,5,0.3432658314704895,0.5018201470375061,0.6158075928688049,0.0023706636392139433,0.0003783380950515675,0.0002192869153842667,-0.1218973845243454,0.8648272450128731,0.6396623239602527,0.06303176309943567,0.04269163573252505,0.2178743760860678,0.0,0.0017825258888905355,0.00047369035418803326,0.00031995236615798645,0.00047328253956742714
imagenetr,linear,2917184_4,10,0.39546310901641846,0.6839508414268494,0.7447075247764587,0.004381931333874573,3.927492953497338e-05,2.8107860111812736e-05,-0.053156301379203796,0.7795416081705885,0.406731113254551,0.01854784926027057,0.022155654785888535,0.19119934841711075,0.0,0.0030789512532552084,0.00019136904398600252,0.00018941420812546066,0.00019237335205078132
imagenetr,linear,2935172_1,10,0.397269070148468,0.686233401298523,0.7482625842094421,0.004390998154390057,3.819338922999992e-05,3.5773479923392366e-05,-0.04899962246417999,0.7785690319398891,0.40781306112915394,0.02286733633279801,0.023976927533129237,0.18902978402655574,0.0,0.0030497499504089356,0.00020452668507893877,0.00019890825281044345,0.00020230688730875658
imagenetr,linear,2935300_2,10,0.39605826139450073,0.6858199238777161,0.7456330060958862,0.004370034755280276,4.880194968255295e-05,3.567888523008837e-05,-0.049071863293647766,0.7795730375467451,0.40857988569533926,0.018772709513703984,0.022315843321868797,0.18924868008873116,0.0,0.0030591174494425453,0.00018928555806477853,0.00018289918097064798,0.00018759985605875653
imagenetr,linear,2935306_3,10,0.39520758390426636,0.6835289597511292,0.7437122464179993,0.004382855078098868,3.661645849565243e-05,3.321425862934259e-05,-0.0502009280025959,0.7812247165419828,0.41070325552602055,0.0214284738600254,0.022007311972347444,0.19091573464491712,0.0,0.0030707112236022945,0.00017352814992268865,0.0001573308182270009,0.00017513872782389314
imagenetr,linear,2935025_0,10,0.398221880197525,0.6869341135025024,0.7500784397125244,0.004375653033050187,3.9978539333508595e-05,2.9022136415479672e-05,-0.04925033822655678,0.7773447817944867,0.407727463759876,0.017763031353553137,0.020178432134903296,0.18796344609421983,0.0,0.003059649223327637,0.00019833984374999998,0.00018826978184482542,0.00019732318878173835
imagenetr,lora,2935321_0,10,0.3209121823310852,0.4770023226737976,0.6564379930496216,0.00481256818768237,0.0012943447032178908,0.0005494717986241867,-0.36227548122406006,0.9407477275203735,0.6959970954235398,0.16403999853134157,0.10814802470074444,0.3136062757199009,0.0,0.004327987063090007,0.0020201201629638675,0.0012447483431939018,0.002020052630106608
imagenetr,lora,2935625_2,10,0.32274943590164185,0.450848251581192,0.6622472405433655,0.0047923254774661665,0.0015280925465255858,0.0005280141546978252,-0.3543975055217743,0.9401223849873018,0.7229566197962807,0.17865086038907368,0.10907722420850563,0.31541844904907046,0.0,0.004339128640492757,0.0021378420130411776,0.0012437048468230728,0.0021377625656127932
imagenetr,lora,2935628_3,10,0.3201928436756134,0.4816029965877533,0.6622030735015869,0.004811361284753369,0.0012458528310158486,0.0005634419168322692,-0.35654085874557495,0.9369747895830061,0.681879809203119,0.16429238780339556,0.10650130560868303,0.31357566480934623,0.0,0.004322312438964844,0.001939077657063802,0.0012157799410889597,0.0019413249715169274
imagenetr,lora,2935398_1,10,0.31562647223472595,0.4699792265892029,0.6515735983848572,0.004853484637378602,0.0013449757072109786,0.0006122733375239541,-0.3692772388458252,0.9461665086830967,0.6976091492251905,0.1645477333863576,0.11639012344671155,0.3193269580118979,0.0,0.004397210721333822,0.00199876953125,0.0013375252143147953,0.001999852689107259
imagenetr,lora,2917185_4,10,0.30952826142311096,0.44858431816101074,0.643179714679718,0.004841170331191012,0.0014453238829244706,0.0006084399492152197,-0.3826192319393158,0.9499242893659107,0.7175929625000913,0.16484804709752401,0.11332264483815353,0.3147089366689325,0.0,0.004362066445668538,0.002016080729166666,0.0013219336808633945,0.002016962356567383
imagenetr,joint,2959874_3,1,0.8385000228881836,0.8385000228881836,0.8385000228881836,3.652875634976606e-05,3.652875634976606e-05,3.652875634976606e-05,,0.2216274265855391,0.2216274265855391,0.014461098849773354,0.014461098849773354,0.014461098849773354,,0.00014843334197998018,0.00014843334197998018,0.00014843334197998018,0.00014859701156616186
imagenetr,joint,2917190_4,1,0.8373333215713501,0.8373333215713501,0.8373333215713501,5.60610919606961e-05,5.60610919606961e-05,5.60610919606961e-05,,0.2238990643487525,0.2238990643487525,0.01308986059824624,0.01308986059824624,0.01308986059824624,,0.00017909936269124339,0.00017909936269124339,0.00017909936269124339,0.00018111673355102558
imagenetr,joint,2959156_2,1,0.8385000228881836,0.8385000228881836,0.8385000228881836,5.1373797616712896e-05,5.1373797616712896e-05,5.1373797616712896e-05,,0.22176638185433464,0.22176638185433464,0.014729111138731219,0.014729111138731219,0.014729111138731219,,0.00015472656885782865,0.00015472656885782865,0.00015472656885782865,0.00015279033025105765
imagenetr,joint,2958739_1,1,0.8364999890327454,0.8364999890327454,0.8364999890327454,5.139849778079005e-05,5.139849778079005e-05,5.139849778079005e-05,,0.22252162686093674,0.22252162686093674,0.017678033669789598,0.017678033669789598,0.017678033669789598,,0.00015888418197631822,0.00015888418197631822,0.00015888418197631822,0.00016167650858561164
imagenetr,joint,2956928_0,1,0.8385000228881836,0.8385000228881836,0.8385000228881836,5.8255814687955895e-05,5.8255814687955895e-05,5.8255814687955895e-05,,0.2263328506150843,0.2263328506150843,0.012199843168258655,0.012199843168258655,0.012199843168258655,,0.00014417465845743813,0.00014417465845743813,0.00014417465845743813,0.00014395233790079736
imagenetr,ball,2917186_4,10,0.42405182123184204,0.7306241989135742,0.7990509867668152,0.004369699513541514,5.4585031917740484e-05,2.6496183457005062e-05,-0.04205561429262161,0.7609395801929394,0.34938742908736736,0.015121622880299886,0.015557959334757157,0.21178243753810727,0.0,0.003253211522420247,0.00011179594675699867,0.0001348327304188942,0.00011180455525716136
imagenetr,ball,2938627_2,10,0.4235304296016693,0.7379032969474792,0.7984737157821655,0.004346818441195809,6.561274864311944e-05,2.7316944987878046e-05,-0.03852907940745354,0.7628983788444829,0.3423090078090792,0.01471684812630214,0.018057887971068207,0.2146668568588172,0.0,0.0032705114097595217,0.0001075999832153319,0.00016005592383541863,0.0001080528767903645
imagenetr,ball,2935822_0,10,0.42422550916671753,0.7352868914604187,0.7992230653762817,0.004368134335364685,7.722541146332045e-05,3.276467909267523e-05,-0.03920940309762955,0.7623058428063116,0.3435002927877754,0.010560819149017336,0.01705159290820006,0.21794247971922162,0.0,0.003280661116282145,7.976933797200527e-05,0.00014049046097718525,8.031046549479166e-05
imagenetr,ball,2943184_3,10,0.42100128531455994,0.7246760129928589,0.7939826846122742,0.004378355019311851,0.00010065850358546155,3.852785336664215e-05,-0.040024422109127045,0.7652149657044528,0.3585590432168014,0.012734754085540778,0.016442852301835863,0.21205342657441895,0.0,0.0032575640373229977,8.771841684977218e-05,0.0001573091311383588,8.792882283528648e-05
imagenetr,ball,2937713_1,10,0.422065794467926,0.7337316274642944,0.7929843664169312,0.004354723756408462,7.24269597376773e-05,2.7681076785315344e-05,-0.04251820221543312,0.7647149565641015,0.34918792965747686,0.01829860711097718,0.022100151870912226,0.21543769917276995,0.0,0.0032701833648681638,0.00012522037506103518,0.00018531208129800493,0.0001270101420084634
imagenetr,gdumb,2954861_0,10,0.39481672644615173,0.6428884267807007,0.7597530484199524,0.004284616821058482,3.698408207235233e-05,4.1539468663127746e-05,-0.09330622106790543,0.7729013292527569,0.4688375620723759,0.03279051613310975,0.03207244009613787,0.1735499289759745,0.0,0.0027809335378011064,0.0003034197107950847,0.0002988740449659596,0.0003037852859497069
imagenetr,gdumb,2955435_1,10,0.3938411772251129,0.6349773406982422,0.7592418789863586,0.004305804021302377,4.305651359880977e-05,3.4433626974455704e-05,-0.08993718028068542,0.7736644256035577,0.48215249221982676,0.024038304964701333,0.029764357215752192,0.1701214058784147,0.0,0.0027892098655700683,0.00024997749328613283,0.00029671639386911173,0.00024961142222086597
imagenetr,gdumb,2955813_2,10,0.39502209424972534,0.6414697766304016,0.7607803344726562,0.004262130489329962,4.662944485122908e-05,3.9715768981747875e-05,-0.08924873918294907,0.7710781807516314,0.4706884584329553,0.02782391459743181,0.03211101480967456,0.17179866208732125,0.0,0.0027697548904418944,0.0002702276102701822,0.00029995247595981586,0.0002691450627644857
imagenetr,gdumb,2956169_3,10,0.3942854702472687,0.6408224701881409,0.7591935396194458,0.004291136621349336,4.0265086600556555e-05,4.2147292838170665e-05,-0.09388216584920883,0.770392006244559,0.4659573225096936,0.030794051319360752,0.033094918126862084,0.16937878917145233,0.0,0.0027565465265909834,0.00032784314473470076,0.00033055925549477916,0.00032884980519612623
imagenetr,gdumb,2917188_4,10,0.39970046281814575,0.6451410055160522,0.7694889903068542,0.004300390163382826,3.222872020987227e-05,4.7381980575524064e-05,-0.09534304589033127,0.7691773343864852,0.463989470319623,0.033213744084040306,0.03860415135637975,0.16874694458345568,0.0,0.0027830869827270514,0.0002953323872884113,0.0003551072279819428,0.00029532718658447266
imagenetr,der,2956737_1,10,0.4415973722934723,0.7371461987495422,0.8333309292793274,0.004180895379018775,0.00028938668861519523,0.00013610912207756223,-0.11383248120546341,0.7289850195554249,0.355832483443947,0.04922233094771703,0.04540378875619879,0.17526689761405193,0.0,0.002755849334716797,0.0005716931533813477,0.00045538996887856006,0.0005717088063557943
imagenetr,der,2917189_4,10,0.442609965801239,0.7420586943626404,0.8335728645324707,0.004197809946669343,0.000308379173767753,0.00012193726942544923,-0.11025488376617432,0.7303783649264372,0.35116840248393494,0.05236336521307624,0.045572438801483525,0.1769879327262441,0.0,0.0027736961313883464,0.0005969151051839191,0.0004434308774148586,0.0005971151860555015
imagenetr,der,2956762_3,10,0.4420998692512512,0.739587128162384,0.8337429165840149,0.004216659174917809,0.0002836326736196254,0.00011256206285068253,-0.1142810806632042,0.7314492992844661,0.3559145157251132,0.04825245854258537,0.04360206167700364,0.17614950888281067,0.0,0.002757866953531901,0.0005255310948689778,0.0004129051769392075,0.0005252998860677082
imagenetr,der,2956761_2,10,0.44339925050735474,0.7443798184394836,0.8357175588607788,0.004183644734678789,0.00029013574821874533,0.00012872444268212076,-0.11065495014190674,0.729745026318238,0.3581106918530103,0.0543139219681422,0.04477281165353019,0.17678692166153342,0.0,0.002757116045633952,0.000585663897196452,0.0004309261595797383,0.0005855600992838542
imagenetr,der,2956611_0,10,0.44350433349609375,0.7366419434547424,0.8346964120864868,0.004164744904775366,0.00021829039475259687,0.0001224119380666074,-0.10979489982128143,0.7305443064258488,0.3668839385223431,0.043247835506995506,0.04865122111316088,0.1718627095505595,0.0,0.0027388653653462732,0.00044912696838378906,0.000443726548513765,0.00044903465270996096
imagenetr,replay,2917187_4,10,0.4325658679008484,0.7049957513809204,0.820635199546814,0.0044554910342052174,0.0003432634711936656,9.03225306016814e-05,-0.12457074970006943,0.7549122758664666,0.38256829929557506,0.061507104953130075,0.027415291950329084,0.22751166034384318,0.0,0.0034553297462463378,0.0007167526499430339,0.0002788441328739639,0.0007165579096476238
imagenetr,replay,2954664_2,10,0.43800273537635803,0.7290223836898804,0.8281170725822449,0.004456700323504135,0.0003068767542805537,8.242453044163081e-05,-0.11928430199623108,0.7498525193648129,0.3629504074715021,0.043867582241694125,0.023860314372800485,0.2238971183548371,0.0,0.0034455284989674886,0.0005993021202087403,0.00027127855603065475,0.0005978210385640462
imagenetr,replay,2950981_0,10,0.4338108003139496,0.7119004130363464,0.822575569152832,0.004471763367717219,0.00030050583780121725,8.787274224684393e-05,-0.12723125517368317,0.7531461902827561,0.3744032328469539,0.05763348748286564,0.02606224947635822,0.2251220885669812,0.0,0.0034524297599792483,0.0006278737513224284,0.0002860060748501689,0.0006295190811157224
imagenetr,replay,2954665_3,10,0.4358457028865814,0.7223833203315735,0.8253893852233887,0.0044678826014185845,0.0002995479806973889,8.544344381954729e-05,-0.1221984326839447,0.7525748323456767,0.3652190546009371,0.04871305016676582,0.026154780499739832,0.22647865928262467,0.0,0.003456759878794352,0.000614067179361979,0.0002919787184020868,0.0006140569368998209
imagenetr,replay,2951691_1,10,0.4363613724708557,0.7179648280143738,0.825977623462677,0.004477504982245719,0.0003508064252038273,9.717180161919753e-05,-0.11862091720104218,0.7504698053953367,0.37107300517155684,0.05561095631122592,0.025599662334600905,0.22537144497632983,0.0,0.0034648830261230466,0.0007020653533935549,0.0002974583794103882,0.000700104751586914
imagenetr,rwalk,2964384_3,10,0.4126298427581787,0.7130359411239624,0.7817125916481018,0.00450775618623619,0.00029271422625993366,0.00012891367177422688,-0.07043701410293579,0.8172835310731139,0.38128119906112834,0.0551013051271439,0.05266107191938603,0.27564358600949246,0.0,0.003880728724161784,0.0006364089202880862,0.0005393014581718566,0.0006366364288330076
imagenetr,rwalk,2964383_2,10,0.41470399498939514,0.7157284021377563,0.7824429869651794,0.004524748324803931,0.00024457088303229333,0.00011950633695813472,-0.06097586825489998,0.818895786464096,0.3786333699009744,0.04781998437643051,0.0508598375224373,0.2746594498009731,0.0,0.0038923806851704915,0.0005758662923177082,0.0005381432352087748,0.0005759035619099934
imagenetr,rwalk,2964382_1,10,0.4136161804199219,0.7054260969161987,0.7839860916137695,0.004493069422464366,0.0002545755184388585,0.00011845854088338246,-0.0708179697394371,0.8168259334958898,0.3868752477181171,0.04799647680918377,0.047300536321637304,0.27281651761929193,0.0,0.003862078163782755,0.0005239919344584149,0.0005302501740061715,0.0005243233871459962
imagenetr,rwalk,2964381_0,10,0.41446080803871155,0.7149435877799988,0.7818893194198608,0.004499939655416383,0.0002815935679152568,0.00011797131472266633,-0.06335435807704926,0.8100993089760123,0.37789268933495523,0.053941788052519146,0.05097558725670348,0.2695291056105246,0.0,0.0038226437861124682,0.0005557049942016601,0.0005250325401947135,0.0005551819356282552
imagenetr,rwalk,2964380_4,10,0.408317893743515,0.6628021001815796,0.7763503789901733,0.004509028523401679,0.0003365823133752034,0.0001243832816450107,-0.07599365711212158,0.8213836813444588,0.4357091936918658,0.06962741251786549,0.05299480894419044,0.27381111009369297,0.0,0.0038713453763326014,0.0007686556371053058,0.0005434186146958904,0.0007684960810343423
cifar100,sprompts_coda,4,10,0.49327000975608826,0.8730000257492065,0.9152315258979797,0.00653748611695955,6.699216922702234e-05,4.922435012446523e-05,-0.036222219467163086,0.703554728148984,0.18822591494562044,0.03314285464882857,0.02332675412901574,0.24191253929227594,0.0,0.006062033824920655,0.0006665091476440436,0.0004617787390010698,0.0006665092086791999
cifar100,sprompts_coda,2,10,0.4916999936103821,0.8621999621391296,0.9139168858528137,0.006839131662676109,6.371707439892639e-05,4.5468977924312566e-05,-0.031755562871694565,0.7148996736760131,0.20255225112696779,0.04141824358850718,0.025717823648507165,0.2532364356837422,0.0,0.006353459227752686,0.0008300917587280274,0.0005116260173318878,0.0008300928115844729
cifar100,sprompts_coda,0,10,0.49375995993614197,0.8731999397277832,0.9160922765731812,0.006864448520892574,3.2550329730599255e-05,3.1385979448261006e-05,-0.03095555305480957,0.7165539063479911,0.18710377810734793,0.03277620750665666,0.023037206392762445,0.25588985590696334,0.0,0.006401007348632812,0.0006359286193847658,0.00044931361285561604,0.0006359286117553713
cifar100,sprompts_coda,3,10,0.4924899935722351,0.8719999194145203,0.9140725135803223,0.006768805921061707,3.598872155526952e-05,3.0392344076665786e-05,-0.03440001234412193,0.7125604779156726,0.18989190561544844,0.03611945319175719,0.025826685022900947,0.25390895321279766,0.0,0.0063328520599365236,0.0007348080596923826,0.0005149722433508387,0.0007348081054687497
cifar100,sprompts_coda,1,10,0.49302998185157776,0.8713000416755676,0.915378212928772,0.006909764793491119,4.9656899438659626e-05,3.2125828419836034e-05,-0.03182223066687584,0.7138762998636915,0.19062484115482026,0.03317290446758273,0.024296479930241734,0.254219670882374,0.0,0.0063907925132751465,0.0006815663986206058,0.000476776716882842,0.0006815659713745122
cifar100,sprompts_l2p,0,10,0.47053998708724976,0.8246000409126282,0.8797624707221985,0.006434837648276166,7.471522251506447e-05,0.00012139547595569176,-0.0693555548787117,0.7166439383445434,0.2546348590803335,0.03945878852680324,0.025541153551078728,0.2272212769022584,0.0,0.005739271452331543,0.000789213684082031,0.0005289699823746604,0.0007892131805419925
cifar100,sprompts_l2p,1,10,0.47269001603126526,0.8303999900817871,0.8815214037895203,0.006442976450286635,5.833725144113175e-05,0.00010160457759339463,-0.05960000306367874,0.7156906514196569,0.24359586482729131,0.03645210237503057,0.028200083980956497,0.228971776369214,0.0,0.0057452757522583,0.0007072306060791019,0.0005563317678129864,0.0007072316131591798
cifar100,sprompts_l2p,4,10,0.4691599905490875,0.8222000002861023,0.8760994076728821,0.006441237984237247,8.192261798356176e-05,0.0001242506849259111,-0.07491111755371094,0.7152466720072235,0.2568268855998861,0.04023088442832232,0.029320485676881825,0.22421954947069284,0.0,0.00567847797088623,0.0008010761566162108,0.0005836933026578693,0.0008010760803222654
cifar100,sprompts_l2p,2,10,0.4694499969482422,0.8222999572753906,0.8770139813423157,0.006425583727091626,0.00010549153395557386,0.00014122738875582788,-0.06633332371711731,0.7196140363719494,0.2578704883599218,0.04731154802739617,0.03002403992875464,0.23025272929199042,0.0,0.005757148760986328,0.0009296663208007809,0.000638269339917198,0.0009296667785644529
cifar100,sprompts_l2p,3,10,0.46543994545936584,0.8141999244689941,0.8704124689102173,0.006254238583409855,8.616643806518576e-05,0.00013988501918416922,-0.07788889110088348,0.7200091617588136,0.2709234151581472,0.04873685946464534,0.03555754340697137,0.2275730749370158,0.0,0.005655932621765137,0.0009688989715576167,0.0007288261731942493,0.0009688994598388666
cifar100,InfLoRA,10,10,0.4904699921607971,0.8571000099182129,0.9126114845275879,0.006969132310242905,3.889707146887566e-05,2.4530202835262676e-05,-0.037044454365968704,0.7263053905211336,0.20827522117983807,0.04124730410575866,0.022759290453587024,0.26329672702819107,4.444444493856281e-05,0.006465383444976806,0.0007822964401245116,0.000450865742953713,0.0007822968826293939
cifar100,InfLoRA,10,10,0.4891599714756012,0.8655999898910522,0.9091271162033081,0.00717330326744232,2.504119860474049e-05,1.9796970353653174e-05,-0.03406665474176407,0.7357331105134866,0.20021994243846644,0.03166274070739752,0.022586335455574234,0.27026383073307575,0.0,0.006691844633483886,0.0006574403991699223,0.000449924056654128,0.0006574403991699223
cifar100,InfLoRA,10,10,0.491890013217926,0.8656999468803406,0.9148470759391785,0.0068461769386706115,3.137235341500552e-05,2.4508625383167252e-05,-0.03646665811538696,0.7209897267037395,0.19892039162273253,0.03310875689983367,0.021288690048220846,0.2575198671228439,0.0,0.006353809925842287,0.0006677342071533204,0.00041353325593102545,0.0006677342529296875
cifar100,InfLoRA,10,10,0.48680001497268677,0.8553999662399292,0.9082316160202026,0.007117508577403851,3.532586859224826e-05,2.9650411489664516e-05,-0.03426666930317879,0.7374546979633188,0.21193812259087907,0.037075283277034785,0.022835773124102322,0.26934370404113084,0.0,0.006664426315307616,0.0007448491821289065,0.0004511421867048929,0.000744848770141602
cifar100,InfLoRA,10,10,0.49229001998901367,0.8700000047683716,0.9128516316413879,0.007039621167855485,3.972183819531395e-05,2.709936429292474e-05,-0.038977764546871185,0.7222096605628783,0.18967793380896536,0.028226829852163786,0.022417724865138065,0.2600890080238879,0.0,0.006483090216064453,0.0005571919097900389,0.0004350953109449338,0.0005571918640136719
cifar100,sprompts_dual,3,10,0.48267999291419983,0.8450000882148743,0.9005185961723328,0.005936323646404796,6.383464266616608e-05,0.0001263323901525818,-0.03866667300462723,0.6859569109944881,0.22650337935359044,0.040357536435127295,0.03057613767950072,0.2120094047923386,0.0,0.005279953044128418,0.000796299957275391,0.0006085874931971233,0.00079629997253418
cifar100,sprompts_dual,2,10,0.48280996084213257,0.8458999395370483,0.8996217846870422,0.0058826371815444796,7.68080304411986e-05,0.00013890812842504895,-0.0395333431661129,0.684434576605362,0.22392757793262844,0.0380023769140244,0.027217078357227732,0.207844506149739,2.2222222469281405e-05,0.005181231855773925,0.0007550892639160162,0.0005890260338310211,0.0007550892944335942
cifar100,sprompts_dual,4,10,0.48277997970581055,0.8460000157356262,0.9005301594734192,0.005664141346670797,8.373148526722422e-05,0.00014349709747211043,-0.042066674679517746,0.6804763630423355,0.22099756672387957,0.0332945913553238,0.028623134063962424,0.20342306204102933,4.444444493856281e-05,0.00507971417541504,0.0006450957489013674,0.0005814251000453555,0.0006450957183837891
cifar100,sprompts_dual,1,10,0.48420000076293945,0.8480000495910645,0.9033191800117493,0.006093127252031023,6.509913199713658e-05,0.00011456512485221324,-0.029333332553505898,0.6868149048359765,0.22369055111982908,0.033495673310756674,0.02721852782010321,0.2127890147496015,0.0,0.005341480725097656,0.0006909526062011718,0.0005598800095713327,0.0006909521484375002
cifar100,sprompts_dual,0,10,0.48472994565963745,0.8510000109672546,0.9028217196464539,0.00580381335899785,7.114252426541651e-05,0.00015071391606821962,-0.03675556555390358,0.6754079897592914,0.2173036149284028,0.035165548086166364,0.027391667972835043,0.2000967721416056,0.0,0.005074610156249999,0.0006970131835937498,0.0005632348993199213,0.0006970131988525388
domainnet,InfLoRA,10,5,0.46011170744895935,0.7299518585205078,0.790289580821991,0.0018831714645557891,6.0868534686026304e-05,5.518359886613732e-05,-0.07012830674648285,0.7180408044303468,0.3662606705185432,0.04164209424617604,0.024978473551302387,0.19782116861062582,0.0,0.0015011410023646628,0.00024974424334619523,0.00014554452249549641,0.00024974427676472067
domainnet,InfLoRA,10,5,0.460843563079834,0.730039119720459,0.7915085554122925,0.0018874503162934334,5.449004180333015e-05,5.414253492119294e-05,-0.06856139004230499,0.7160026938535919,0.36340379310984505,0.03924748097644671,0.02496538230225216,0.1969934740611697,0.0,0.001496262993777695,0.00022635473435384196,0.0001459375661007432,0.00022635479283626155
domainnet,InfLoRA,10,5,0.46118465065956116,0.7317582368850708,0.7915710210800171,0.0018724395021757754,6.076671214447763e-05,5.817092243800019e-05,-0.06764451414346695,0.713280280464254,0.3632093390176512,0.040765024988500036,0.025753525457242365,0.19491146947216648,0.0,0.0014772410855495213,0.00023447976373540963,0.00015223493753730436,0.00023447976791272533
domainnet,InfLoRA,10,5,0.45959869027137756,0.7293704152107239,0.7893668413162231,0.0018924969669789423,6.122990124563105e-05,6.0390946330914153e-05,-0.07177413254976273,0.7190067118611021,0.36769417485782974,0.040513193358784096,0.026044164891743733,0.19798246034497574,0.0,0.001499958606477646,0.00024095381770454223,0.000151551933389713,0.00024095394720132835
domainnet,InfLoRA,10,5,0.45983439683914185,0.7287747263908386,0.7897116541862488,0.0018657052923360287,5.2792920009773746e-05,5.742403592933716e-05,-0.06924619525671005,0.7165746731138192,0.3665256007637257,0.04113467024342684,0.024052573647575737,0.1959213683693635,0.0,0.001478486741034275,0.00023877275346422322,0.00014041626995440367,0.00023877265738596245
domainnet,sprompts_l2p,1,5,0.44074907898902893,0.7016494274139404,0.7557465434074402,0.0017442962522270448,0.00010101507195901433,0.0001002477827426031,-0.058774434030056,0.7204649845933749,0.3989317257440994,0.036421389470671625,0.02700313075865287,0.17296629560697163,0.0,0.0013115284755098031,0.00022234570601302914,0.00015058160410270628,0.00022234575614081732
domainnet,sprompts_l2p,4,5,0.44112902879714966,0.7036688327789307,0.7562785148620605,0.0017280802404472239,0.00010253214677129926,0.00010505740931792896,-0.05636628344655037,0.721460679600849,0.397915819874033,0.0353617661734128,0.028349422709752815,0.1730024245848681,0.0,0.0013021039960076143,0.00022157915605374505,0.00015702586527493139,0.0002215791644083764
domainnet,sprompts_l2p,2,5,0.4402376115322113,0.7008839845657349,0.754800021648407,0.001725552243568287,0.00010513364511782348,0.000102879819804441,-0.05872358754277229,0.7232872552458254,0.40061408495751666,0.03889971053467174,0.029175727744451298,0.17543595137864887,0.0,0.0013171550983334496,0.0002349226469211518,0.00016533811148597736,0.00023492265109846752
domainnet,sprompts_l2p,0,5,0.4410673975944519,0.7030594944953918,0.7562836408615112,0.0017415065342042866,0.00010063705859321733,9.84450337552848e-05,-0.060802750289440155,0.7209547254762046,0.3983564440999736,0.03598654023877749,0.02779249116833397,0.17340117153661236,0.0,0.0013128847053760773,0.0002215439955876638,0.00015383587975844514,0.00022154415432565976
domainnet,sprompts_l2p,3,5,0.44083371758461,0.7018211483955383,0.7561716437339783,0.001713720186838387,0.00010075739335295101,0.00010658039331011476,-0.06454519182443619,0.7200791897788468,0.3989807193496468,0.038554510696784755,0.02882018893985469,0.17315691261825636,0.0,0.0013048084687125822,0.00023084708229618273,0.00016048031196559792,0.0002308472034383374
domainnet,sprompts_dual,4,5,0.45337581634521484,0.7211267352104187,0.7771021723747253,0.0016382836784921615,7.473099104667162e-05,0.0001024757721427753,-0.05448657274246216,0.7025050016063378,0.3759620014320961,0.032921900898615755,0.0283963135965992,0.1662574896240811,0.0,0.001245173586274463,0.00019779322398064627,0.00016216474169364624,0.00019779336183206375
domainnet,sprompts_dual,2,5,0.4531908929347992,0.7213226556777954,0.7767863273620605,0.0016499777324577823,7.809932945779816e-05,9.974258476848127e-05,-0.05440489202737808,0.7025718340640422,0.37634053844622367,0.033898151474537695,0.028117831941704925,0.1672127530238769,0.0,0.0012519546269956262,0.00020382727293454068,0.0001599473551915944,0.0002038275778785853
domainnet,sprompts_dual,3,5,0.4534551501274109,0.7208917140960693,0.7771984934806824,0.0016461731316219825,7.598200582594498e-05,9.486857924320891e-05,-0.05780555680394173,0.7020425795877705,0.37502698177083843,0.03352774278025052,0.027367359623893462,0.16692679522915777,0.0,0.0012506288079875045,0.0001984808936879389,0.00015790952185134672,0.00019848096887962118
domainnet,sprompts_dual,0,5,0.4523700773715973,0.7197615504264832,0.7758809328079224,0.0016750452458590924,7.660733606542434e-05,9.478363915265436e-05,-0.05517071485519409,0.7040632726511942,0.3773595674788214,0.034594614349096435,0.028040153854031375,0.16875537030038373,0.0,0.0012677429745757845,0.00020619842174757642,0.0001582659340417872,0.00020619868491846436
domainnet,sprompts_dual,1,5,0.45278507471084595,0.7207496166229248,0.7758510708808899,0.0017053894639554197,7.740938403578897e-05,9.113803845108255e-05,-0.05300069600343704,0.7065402210978292,0.37694042075739587,0.03336340148587825,0.02724598452692869,0.17176131046957474,0.0,0.001292257310196838,0.0001998447413070876,0.00015526811142975338,0.00019984474548440329
domainnet,sprompts_coda,4,5,0.4597512185573578,0.7316584587097168,0.7874158024787903,0.0018173101034926094,8.403203290597894e-05,7.969222682109298e-05,-0.062367141246795654,0.7162624227180929,0.3661405017391009,0.04742891046334401,0.032072162404891955,0.19504037459696993,0.0,0.0014651084790266084,0.0002809240951878094,0.0001810694347893367,0.0002809241411382819
domainnet,sprompts_coda,0,5,0.4597109258174896,0.7319908738136292,0.7872880697250366,0.001834661697891087,8.770240263882158e-05,7.863604383488944e-05,-0.06207260489463806,0.7177920743664127,0.36490342811275017,0.048109812127502635,0.031756397905599684,0.19748050060714928,0.0,0.0014775890133370713,0.000284145528252941,0.0001773064845946468,0.0002841454990117312
domainnet,sprompts_coda,1,5,0.4603777825832367,0.7336941361427307,0.7881867289543152,0.0018511461663921972,8.310532887416425e-05,7.598386808936421e-05,-0.06043822318315506,0.7175442754350531,0.36231911511292936,0.045270792030730284,0.03176607306118998,0.19801644659451062,0.0,0.0014869699234367143,0.0002670024638302477,0.00017970888139048525,0.0002670025891497181
domainnet,sprompts_coda,3,5,0.46002835035324097,0.732567310333252,0.7879816293716431,0.0018248160982723867,8.004005611368596e-05,7.069707404442431e-05,-0.062460798770189285,0.7150538674168406,0.36250440312009496,0.0440984284907896,0.03148752461181017,0.19549340449894778,0.0,0.0014661662563967867,0.00025961568309423,0.00017776588443051562,0.00025961569562617704
domainnet,sprompts_coda,2,5,0.45971566438674927,0.7323514223098755,0.7871754169464111,0.0018486755783454708,9.329060527021722e-05,7.496582323370516e-05,-0.06075360253453255,0.719244778095203,0.36370316812037035,0.049279365333282796,0.03148213912516775,0.1998687276299545,0.0,0.0014936301737331285,0.00028498983476629844,0.00017859946814386996,0.00028498997679503156
imagenetr,sprompts_dual,1,10,0.36394786834716797,0.6472010612487793,0.6878840923309326,0.003993169226164532,0.0005577264445705316,0.0003248475512673423,-0.03274032473564148,0.8293944680923886,0.46405062503539934,0.06993378663063048,0.07299317929559065,0.2442109230075032,0.0,0.003416218585968018,0.0009011998875935869,0.0008154479604435252,0.0009012000401814776
imagenetr,sprompts_dual,3,10,0.36608240008354187,0.6492170095443726,0.6919376254081726,0.003829822595493319,0.0005331097180781523,0.00033376419395850893,-0.04276017099618912,0.8165495049612359,0.4556688143703486,0.06974068093299866,0.06997529273471444,0.23462606624489032,0.0,0.003258708137512207,0.0009186326599121093,0.0007895176872652485,0.000918632837931315
imagenetr,sprompts_dual,2,10,0.366077721118927,0.646264910697937,0.69316565990448,0.0037907837018924606,0.0005356932690949785,0.00035059240933669274,-0.04448556527495384,0.8175744556727877,0.4585547728214933,0.07525246096402406,0.07395771975080376,0.235146067135036,0.0,0.003229044179280599,0.0009201832453409831,0.0008112388929487759,0.0009201833470662435
imagenetr,sprompts_dual,0,10,0.3705723285675049,0.6521741151809692,0.6992298364639282,0.003813592658394338,0.0005482642773403977,0.0003393387942400917,-0.03405708819627762,0.8147698135113398,0.45613457865771595,0.06376880192756651,0.06507955625562213,0.23093611366233477,0.0,0.0032278316663106286,0.0008820764668782551,0.0007625063346208287,0.0008820763905843099
imagenetr,sprompts_dual,4,10,0.3687219023704529,0.6521413922309875,0.6983845829963684,0.003882409656647365,0.0005365590170465894,0.0003260522282451686,-0.03486867621541023,0.8142862574067979,0.45281646197189035,0.06612639109293618,0.06846687005214608,0.23474193991255018,0.0,0.003271633847554525,0.0008415918095906577,0.0007471483507969754,0.0008415918223063152
imagenetr,sprompts_coda,3,10,0.4073813557624817,0.7133486270904541,0.7650411128997803,0.0036156389679168335,0.0003200803055870225,0.00017956418769551067,-0.04130963236093521,0.7525293943070626,0.3740204034983988,0.042921497027079224,0.03984054314602214,0.2034551135075589,0.0,0.002872587227503459,0.0005127641359965005,0.0004271379600429841,0.000512764352162679
imagenetr,sprompts_coda,4,10,0.40941065549850464,0.7181002497673035,0.7668741345405579,0.0037455920804545587,0.00034148798723745164,0.0001931059327886173,-0.034686505794525146,0.7592945654519929,0.3761188912791045,0.03971369767189026,0.04117154481421619,0.2087309825760623,0.0,0.0029794846121470138,0.0005494156964619954,0.0004689527108498761,0.0005494158999125163
imagenetr,sprompts_coda,0,10,0.40827909111976624,0.7125270962715149,0.7668567299842834,0.0035996111991300726,0.0003132218424080574,0.00019440731427835267,-0.04267740622162819,0.7561382877406886,0.38099943386630186,0.04574697661399837,0.04219132880789867,0.20651819095673657,0.0,0.002898137854258219,0.0006060138066609701,0.00047584381808230393,0.0006060137685139974
imagenetr,sprompts_coda,2,10,0.41022223234176636,0.7126221656799316,0.7698267102241516,0.003645741718838824,0.0003534273168246601,0.00019662262835140452,-0.04043000191450119,0.7560333079257507,0.38042931313229067,0.04847982497885824,0.04063045279616259,0.2065783759181698,0.0,0.0029376152229309083,0.000634530970255534,0.00048186441921157684,0.0006345309384663901
imagenetr,sprompts_coda,1,10,0.4055560231208801,0.7077555656433105,0.7628112435340881,0.003727112368919933,0.00029777132100961673,0.00017671144288945463,-0.041444674134254456,0.7646856758272291,0.3836182850935437,0.0499515056212743,0.04483576274541164,0.21332379883223523,0.0,0.002999825453440348,0.0005994661458333333,0.0004829688110112477,0.0005994664128621419
imagenetr,InfLoRA,10,10,0.41889065504074097,0.7288038730621338,0.7918399572372437,0.0033691865293723434,0.00016852851144872472,9.54546718131709e-05,-0.07051705569028854,0.7206053871815714,0.3519673656733285,0.026348357041676863,0.03182098147757702,0.17826486800760033,0.0,0.0024504007409413657,0.00026257772445678715,0.00029904852047324057,0.00026257787068684885
imagenetr,InfLoRA,10,10,0.42775091528892517,0.7397170066833496,0.8078680038452148,0.003400617289917757,0.00016955534719765095,8.653219495458888e-05,-0.05901326984167099,0.7156307283381983,0.34166554056416454,0.023544963645438323,0.024034375989640075,0.17930310276007902,0.0,0.002484120551427205,0.00027308052062988256,0.0002458234990590793,0.00027308067957560204
imagenetr,InfLoRA,10,10,0.42329588532447815,0.7394923567771912,0.7994436621665955,0.003394764762342093,0.00015624028121101862,8.818880286345695e-05,-0.07106883078813553,0.719057725838492,0.3432569138682894,0.02517291661848622,0.027625583929639003,0.17940915560051798,0.0,0.0024821990610758467,0.00026776520411173494,0.00027442402266651884,0.0002677653884887696
imagenetr,InfLoRA,10,10,0.42261433601379395,0.732715904712677,0.7985661029815674,0.0034037194024323257,0.00017299031370494037,8.97141847999382e-05,-0.061237484216690063,0.7220264015894451,0.34999681589962756,0.026467320680618314,0.026532314503309527,0.18135730579644443,0.0,0.002495216414133708,0.0002753827158610027,0.00023304346951160386,0.00027538274129231785
imagenetr,InfLoRA,10,10,0.42452311515808105,0.7404519319534302,0.7996927499771118,0.0034563787508812395,0.00015335425065238578,9.011219283991143e-05,-0.06379476189613342,0.7233817899440769,0.3432501025728778,0.02166282092034819,0.027196350860913175,0.1840722238108516,0.0,0.00253561285718282,0.00024220349629720057,0.0002710580844058974,0.00024220375061035154
imagenetr,sprompts_l2p,2,10,0.35790160298347473,0.6253259778022766,0.6811366081237793,0.0038912456622600365,0.0007407762339092145,0.00043144772160992405,-0.05565430223941803,0.8367936815660624,0.4919813883755081,0.08538682222863037,0.08334877655987391,0.2458629389330124,0.0,0.003402150035858154,0.0011321546173095704,0.0009678728966254393,0.0011321547698974611
imagenetr,sprompts_l2p,1,10,0.3556833267211914,0.6196534037590027,0.6793203353881836,0.004012834434957881,0.000701172264078826,0.00041704745982148957,-0.05792434886097908,0.8454683628510986,0.4983121056282393,0.07694355118088422,0.08267277834180733,0.2543045801316077,0.0,0.0035069030202229826,0.0010210027694702148,0.0009616996918921233,0.0010210028711954754
imagenetr,sprompts_l2p,3,10,0.3605843484401703,0.6256417036056519,0.6890684366226196,0.003891958882753304,0.0007053355119196932,0.00042576194709442684,-0.06722141802310944,0.832360403113573,0.48901565797758545,0.08195609399676324,0.07949633605957225,0.2447879339579493,0.0,0.003364676930745442,0.0010540793355305988,0.0009056178507583555,0.0010540791066487635
imagenetr,sprompts_l2p,0,10,0.3590983748435974,0.6237879991531372,0.6840689778327942,0.0038861487336852513,0.0007522823124942652,0.00044893608121197685,-0.060945045202970505,0.8323443732672169,0.4912974041502486,0.07965628576154507,0.077500144674295,0.2433207861933857,0.0,0.0033648311513264978,0.0010286458460489905,0.0008939372551909832,0.0010286456807454426
imagenetr,sprompts_l2p,4,10,0.3547046184539795,0.6213688850402832,0.6754056215286255,0.004070738840472007,0.0007800233835627715,0.00042233894820443236,-0.050291772931814194,0.8435479656483112,0.4956583919470502,0.09164992950856683,0.08493163502255294,0.2532939482860267,0.0,0.0035200391286214195,0.0011325087356567382,0.0009634387878426083,0.0011325087483723957
