number,value,datetime_start,datetime_complete,duration,params_lr,params_strategy.beta,user_attrs_avg_acc,user_attrs_avg_ece,state,dataset,method,params_peft.alpha,params_peft.lambda_,params_ewc.decay_factor,params_ewc.ewc_lambda,params_rwalk.ewc_alpha,params_rwalk.ewc_lambda
0,0.698338481192272,2026-04-01 17:28:07.926994,2026-04-01 18:15:38.555250,0 days 00:47:30.628256,0.0018696923447447543,0.3179685021719274,0.5671172738075256,0.17044031142298152,COMPLETE,cifar100,ball,,,,,,
1,0.7828784954326348,2026-04-01 18:15:40.271063,2026-04-01 19:02:58.815323,0 days 00:47:18.544260,0.0018378501636575556,1.7983224276630283,0.6361457109451294,0.07038872007985983,COMPLETE,cifar100,ball,,,,,,
2,0.7331095747551418,2026-04-01 19:03:00.545174,2026-04-01 19:50:29.547429,0 days 00:47:29.002255,0.0002451437824007807,1.7678141528658833,0.5353649854660034,0.0691458359557198,COMPLETE,cifar100,ball,,,,,,
3,0.7674722748603455,2026-04-01 19:50:30.953360,2026-04-01 20:37:52.095504,0 days 00:47:21.142144,0.002681076466237046,1.7586756737865143,0.6303311586380005,0.09538660891730939,COMPLETE,cifar100,ball,,,,,,
4,0.7648361914374162,2026-04-01 20:37:53.403507,2026-04-01 21:25:23.463257,0 days 00:47:30.059750,0.0003988013842143031,1.6549556741978426,0.5818576216697693,0.05218523879493697,COMPLETE,cifar100,ball,,,,,,
5,0.09295666767390508,2026-04-01 21:25:24.830886,2026-04-01 21:30:10.837062,0 days 00:04:46.006176,0.0011089785827728023,0.07404164772907973,,,PRUNED,cifar100,ball,,,,,,
6,0.09270519174833715,2026-04-01 21:30:11.967477,2026-04-01 21:34:52.137234,0 days 00:04:40.169757,0.0001347896579158306,0.9994593065031441,,,PRUNED,cifar100,ball,,,,,,
7,0.09392272179570939,2026-04-01 21:34:53.297353,2026-04-01 21:39:37.115725,0 days 00:04:43.818372,0.00022134824248688187,1.9367633515552862,,,PRUNED,cifar100,ball,,,,,,
8,0.04041552231452315,2026-04-01 21:39:38.200734,2026-04-01 21:44:21.311553,0 days 00:04:43.110819,0.007881094350590187,0.5593051316040225,,,PRUNED,cifar100,ball,,,,,,
9,0.17547236590417364,2026-04-01 21:44:22.404836,2026-04-01 21:54:02.221013,0 days 00:09:39.816177,0.00024455773095614566,0.9741375535155761,,,PRUNED,cifar100,ball,,,,,,
10,0.011868763319836374,2026-04-01 21:54:03.300031,2026-04-01 21:58:52.387731,0 days 00:04:49.087700,0.007097741821448708,1.3042354357040296,,,PRUNED,cifar100,ball,,,,,,
11,0.09411138545424313,2026-04-01 21:58:53.485415,2026-04-01 22:03:38.397519,0 days 00:04:44.912104,0.0026206464449099118,1.4522756710971734,,,PRUNED,cifar100,ball,,,,,,
12,0.7761668658902419,2026-04-01 22:03:39.473549,2026-04-01 22:50:42.743650,0 days 00:47:03.270101,0.0031796823812575807,1.9742140821308725,0.6411441564559937,0.08881042467550984,COMPLETE,cifar100,ball,,,,,,
13,0.09021978066108075,2026-04-01 22:50:44.111670,2026-04-01 22:55:27.726622,0 days 00:04:43.614952,0.004071392348556749,1.9912081994553485,,,PRUNED,cifar100,ball,,,,,,
14,0.09385565657862696,2026-04-01 22:55:28.814977,2026-04-01 23:00:10.925679,0 days 00:04:42.110702,0.0008940242818469553,1.3779715680763025,,,PRUNED,cifar100,ball,,,,,,
15,0.7903870637552887,2026-04-01 23:00:12.000911,2026-04-01 23:47:49.889373,0 days 00:47:37.888462,0.0008143058934700541,1.573458256311988,0.6182581186294556,0.03748399111887824,COMPLETE,cifar100,ball,,,,,,
16,0.09413475469038061,2026-04-01 23:47:51.652934,2026-04-01 23:52:34.896794,0 days 00:04:43.243860,0.0006007856592283888,1.2217993732028667,,,PRUNED,cifar100,ball,,,,,,
17,0.09292482352132128,2026-04-01 23:52:35.985024,2026-04-01 23:57:18.129772,0 days 00:04:42.144748,0.0014217754006722156,1.6375691133196872,,,PRUNED,cifar100,ball,,,,,,
18,0.17487075901191906,2026-04-01 23:57:19.206622,2026-04-02 00:06:49.005041,0 days 00:09:29.798419,0.0005536772089661698,0.7922897246107307,,,PRUNED,cifar100,ball,,,,,,
19,0.17875955875908972,2026-04-02 00:06:50.088758,2026-04-02 00:16:16.342059,0 days 00:09:26.253301,0.00079683981906213,1.5060865267850878,,,PRUNED,cifar100,ball,,,,,,
20,0.04013809936666444,2026-04-02 00:16:17.465497,2026-04-02 00:20:59.859953,0 days 00:04:42.394456,0.00498944917722635,1.1714330153785033,,,PRUNED,cifar100,ball,,,,,,
21,0.09341981940169752,2026-04-02 00:21:01.058758,2026-04-02 00:25:44.743458,0 days 00:04:43.684700,0.0019239552311670338,1.8414723794493832,,,PRUNED,cifar100,ball,,,,,,
22,0.09043826484068271,2026-04-02 00:25:45.819955,2026-04-02 00:30:28.023076,0 days 00:04:42.203121,0.0039003585918730133,1.5576759588180609,,,PRUNED,cifar100,ball,,,,,,
23,0.09406619099439775,2026-04-02 00:30:29.097011,2026-04-02 00:35:13.442330,0 days 00:04:44.345319,0.001441030064213112,1.9861165930185047,,,PRUNED,cifar100,ball,,,,,,
24,0.09405987399839175,2026-04-02 00:35:14.519490,2026-04-02 00:39:57.694254,0 days 00:04:43.174764,0.0026355847247454918,1.776273535797835,,,PRUNED,cifar100,ball,,,,,,
25,0.028656915008681748,2026-04-02 00:39:58.764012,2026-04-02 00:44:41.558019,0 days 00:04:42.794007,0.005625807644047062,1.6358483801113888,,,PRUNED,cifar100,ball,,,,,,
26,0.7949943773853003,2026-04-02 00:44:42.630083,2026-04-02 01:32:01.299132,0 days 00:47:18.669049,0.0012358626357515184,1.8181557236834034,0.6360095739364624,0.04602081916586166,COMPLETE,cifar100,ball,,,,,,
27,0.09389269830156187,2026-04-02 01:32:02.993118,2026-04-02 01:36:46.231819,0 days 00:04:43.238701,0.00043416644311334706,1.1593388244555305,,,PRUNED,cifar100,ball,,,,,,
28,0.09364735507919758,2026-04-02 01:36:47.299795,2026-04-02 01:41:30.198728,0 days 00:04:42.898933,0.0010517018101614821,1.438396271071626,,,PRUNED,cifar100,ball,,,,,,
29,0.17700460883307664,2026-04-02 01:41:31.318738,2026-04-02 01:51:04.422250,0 days 00:09:33.103512,0.0017830358673041633,0.7804289389340995,,,PRUNED,cifar100,ball,,,,,,
30,0.7891382762880385,2026-04-02 07:04:45.385157,2026-04-02 07:53:51.121447,0 days 00:49:05.736290,0.000699891552509226,1.7879682721105992,0.6187499761581421,0.040473423582065224,COMPLETE,cifar100,ball,,,,,,
31,0.7888941410259389,2026-04-02 07:53:52.458260,2026-04-02 08:42:57.378017,0 days 00:49:04.919757,0.0006821011917093342,1.8455075209602774,0.6134152412414551,0.035626959189577104,COMPLETE,cifar100,ball,,,,,,
32,0.7920888586010861,2026-04-02 08:42:58.840350,2026-04-02 09:32:10.612547,0 days 00:49:11.772197,0.0006889507182587598,1.863741205458995,0.6184609532356262,0.034283236033454116,COMPLETE,cifar100,ball,,,,,,
33,0.09412529514004754,2026-04-02 09:32:11.896809,2026-04-02 09:37:03.672247,0 days 00:04:51.775438,0.00036595826548107413,1.6872838741101364,,,PRUNED,cifar100,ball,,,,,,
34,0.17857603685845821,2026-04-02 09:37:04.693946,2026-04-02 09:46:55.349170,0 days 00:09:50.655224,0.0005135666397638373,1.8854133037058052,,,PRUNED,cifar100,ball,,,,,,
35,0.09362180707799163,2026-04-02 09:46:56.443135,2026-04-02 09:51:50.292325,0 days 00:04:53.849190,0.0007644403587961995,1.5484818205036874,,,PRUNED,cifar100,ball,,,,,,
36,0.09411058759621344,2026-04-02 09:51:51.384994,2026-04-02 09:56:41.999311,0 days 00:04:50.614317,0.00031170671090877117,1.739109866742879,,,PRUNED,cifar100,ball,,,,,,
37,0.09367572980235284,2026-04-02 09:56:43.011667,2026-04-02 10:01:32.746449,0 days 00:04:49.734782,0.0013241957569767693,1.826768379447126,,,PRUNED,cifar100,ball,,,,,,
38,0.09437600911201863,2026-04-02 10:01:33.758340,2026-04-02 10:06:23.877870,0 days 00:04:50.119530,0.0010692768175604144,1.3367770476362102,,,PRUNED,cifar100,ball,,,,,,
39,0.09163862861154651,2026-04-02 10:06:24.903313,2026-04-02 10:11:14.359028,0 days 00:04:49.455715,0.00011253407176421338,0.38728884297042454,,,PRUNED,cifar100,ball,,,,,,
40,0.17349094295654688,2026-04-02 10:11:15.370682,2026-04-02 10:20:54.382989,0 days 00:09:39.012307,0.0003115518864549364,0.030485612969438525,,,PRUNED,cifar100,ball,,,,,,
41,0.7875677373864336,2026-04-02 10:20:55.399743,2026-04-02 11:10:10.688045,0 days 00:49:15.288302,0.0006760272453470395,1.8656115663467492,0.6140650510787964,0.038929576305929275,COMPLETE,cifar100,ball,,,,,,
42,,2026-04-02 11:10:12.677486,,,0.0006831828338234702,1.7302972164864676,,,RUNNING,cifar100,ball,,,,,,
0,0.697888378100911,2026-04-02 00:51:31.475979,2026-04-02 01:23:41.224189,0 days 00:32:09.748210,0.001162614144280147,,0.5555756688117981,0.15979891260997614,COMPLETE,cifar100,clora,0.9021561759788039,53.372946693145856,,,,
1,0.36355065143246834,2026-04-02 01:23:42.839244,2026-04-02 01:56:00.528158,0 days 00:32:17.688914,0.007905828676139665,,0.29193440079689026,0.5648330979319536,COMPLETE,cifar100,clora,1.0025639307410186,51.94628718574332,,,,
2,0.7519881896104631,2026-04-02 01:56:01.841315,2026-04-02 02:28:19.527704,0 days 00:32:17.686389,0.0005426579365871859,,0.5874833464622498,0.0835069672413236,COMPLETE,cifar100,clora,0.8414198728089238,7.914627426319018,,,,
3,0.7577573949741175,2026-04-02 02:28:21.342314,2026-04-02 03:00:51.145116,0 days 00:32:29.802802,0.0007318565658804378,,0.6099739670753479,0.09445917712711285,COMPLETE,cifar100,clora,1.3210105395695635,1.8892674514291687,,,,
4,0.7294892725309209,2026-04-02 03:00:52.777954,2026-04-02 03:34:23.920185,0 days 00:33:31.142231,0.0013145396771574386,,0.6035747528076172,0.14459620774577542,COMPLETE,cifar100,clora,1.957867564386398,4.423725228732265,,,,
5,0.09282206764919224,2026-04-02 03:34:25.220704,2026-04-02 03:37:45.080749,0 days 00:03:19.860045,0.0007411898986230237,,,,PRUNED,cifar100,clora,1.0474259324349795,35.290405530408535,,,,
6,0.09159178558184619,2026-04-02 03:37:46.112382,2026-04-02 03:41:05.253471,0 days 00:03:19.141089,0.007964241362592155,,,,PRUNED,cifar100,clora,1.1563272941999063,39.71404530351584,,,,
7,0.09436427070104128,2026-04-02 03:41:06.271532,2026-04-02 03:44:25.024632,0 days 00:03:18.753100,0.0002677596232059317,,,,PRUNED,cifar100,clora,1.3135403451141734,31.434299924584625,,,,
8,0.09254651331686244,2026-04-02 03:44:26.056770,2026-04-02 03:47:46.203345,0 days 00:03:20.146575,0.005583326410902374,,,,PRUNED,cifar100,clora,0.9918828355614737,6.933566265570012,,,,
9,0.0940706374867334,2026-04-02 03:47:47.220244,2026-04-02 03:51:05.043651,0 days 00:03:17.823407,0.00016685035087523944,,,,PRUNED,cifar100,clora,0.9510769273761939,80.11897586021745,,,,
10,0.09409890526714434,2026-04-02 03:51:06.106051,2026-04-02 03:54:25.687953,0 days 00:03:19.581902,0.0030907990554637044,,,,PRUNED,cifar100,clora,0.5014694969098787,0.0815356318723972,,,,
11,0.7873057071998112,2026-04-02 03:54:26.813074,2026-04-02 04:27:23.727405,0 days 00:32:56.914331,0.00048569026037125835,,0.6102790832519531,0.03566766885233077,COMPLETE,cifar100,clora,1.4725875268545887,0.3423750930081263,,,,
12,0.7625633583418773,2026-04-02 04:27:25.397918,2026-04-02 05:01:01.916134,0 days 00:33:36.518216,0.0003410462692195321,,0.5668786764144897,0.041751959730735165,COMPLETE,cifar100,clora,1.5153925864948372,0.17642477837252976,,,,
13,0.09226572403946305,2026-04-02 05:01:03.216544,2026-04-02 05:04:23.992618,0 days 00:03:20.776074,0.00010154088698556851,,,,PRUNED,cifar100,clora,1.59799230393784,0.13896178750057966,,,,
14,0.17415943689712501,2026-04-02 05:04:25.008747,2026-04-02 05:11:04.643375,0 days 00:06:39.634628,0.0003351168592747402,,,,PRUNED,cifar100,clora,1.615729519458132,0.015398147097061004,,,,
15,0.0941725835260783,2026-04-02 05:11:05.669979,2026-04-02 05:14:23.781961,0 days 00:03:18.111982,0.0003519819026872443,,,,PRUNED,cifar100,clora,1.6055737837182265,0.4003698042752529,,,,
16,0.09235667996250181,2026-04-02 05:14:24.797629,2026-04-02 05:17:44.740557,0 days 00:03:19.942928,0.002225674907346014,,,,PRUNED,cifar100,clora,1.8492966106986302,0.43133355917258626,,,,
17,0.0939438488306088,2026-04-02 05:17:45.765575,2026-04-02 05:21:06.592706,0 days 00:03:20.827131,0.00016635568404501153,,,,PRUNED,cifar100,clora,1.4563595460954828,0.044827563772805654,,,,
18,0.7811227241969203,2026-04-02 05:21:07.605471,2026-04-02 05:54:27.741473,0 days 00:33:20.136002,0.0004847004007371617,,0.599158525466919,0.036913077073078254,COMPLETE,cifar100,clora,1.7783934520191522,0.37498272274374017,,,,
19,0.09417912188931563,2026-04-02 05:54:29.044032,2026-04-02 05:57:49.550125,0 days 00:03:20.506093,0.0018817377228153341,,,,PRUNED,cifar100,clora,1.7381706577526779,1.0403186471280372,,,,
20,0.17630856330047814,2026-04-02 05:57:50.575768,2026-04-02 06:04:27.849433,0 days 00:06:37.273665,0.0006303756600907318,,,,PRUNED,cifar100,clora,1.8112313389478267,0.027483630481652768,,,,
21,0.7833790829713448,2026-04-02 06:04:28.878829,2026-04-02 06:37:35.764704,0 days 00:33:06.885875,0.000445939902193842,,0.6007992029190063,0.03404103697631668,COMPLETE,cifar100,clora,1.451953427741964,0.25492149962325567,,,,
22,0.09409841751757683,2026-04-02 06:37:37.072038,2026-04-02 06:40:57.601155,0 days 00:03:20.529117,0.0004439195615796635,,,,PRUNED,cifar100,clora,1.421649133560078,0.6407570599954313,,,,
23,0.09480324446758387,2026-04-02 06:40:58.632478,2026-04-02 06:44:17.845086,0 days 00:03:19.212608,0.0009667346319984156,,,,PRUNED,cifar100,clora,1.7289262698796417,0.1998750908295744,,,,
24,0.0942351878624225,2026-04-02 06:44:18.859355,2026-04-02 06:47:39.346231,0 days 00:03:20.486876,0.0001730118712646656,,,,PRUNED,cifar100,clora,1.198434905081811,1.6373158726082528,,,,
25,0.09466547589791592,2026-04-02 06:47:40.376127,2026-04-02 06:51:00.858029,0 days 00:03:20.481902,0.00023694185045686642,,,,PRUNED,cifar100,clora,1.3874021283002191,0.07548564028128209,,,,
26,0.09467154933925821,2026-04-02 06:51:01.873497,2026-04-02 06:54:23.818927,0 days 00:03:21.945430,0.00044298206644726107,,,,PRUNED,cifar100,clora,1.5472475153864267,0.34233458678630635,,,,
27,0.0944330255539925,2026-04-02 06:54:24.846620,2026-04-02 06:57:44.689804,0 days 00:03:19.843184,0.0008650380922897421,,,,PRUNED,cifar100,clora,1.9171171386136023,2.452704122752672,,,,
28,0.09345600612659874,2026-04-02 06:57:45.710469,2026-04-02 07:01:06.428338,0 days 00:03:20.717869,0.0015565717402435924,,,,PRUNED,cifar100,clora,1.9959352307140135,0.8741571400213914,,,,
29,0.09485674459104754,2026-04-02 07:01:07.459751,2026-04-02 07:04:28.946095,0 days 00:03:21.486344,0.0011545223335734888,,,,PRUNED,cifar100,clora,1.6801587318616389,0.10691937233998149,,,,
30,0.09466074396902158,2026-04-02 08:32:11.167900,2026-04-02 08:35:22.910184,0 days 00:03:11.742284,0.0005258158921319079,,,,PRUNED,cifar100,clora,0.7315885420165847,0.24811125696809602,,,,
31,0.09445862892462725,2026-04-02 08:35:24.011461,2026-04-02 08:38:36.236162,0 days 00:03:12.224701,0.0002546488559828486,,,,PRUNED,cifar100,clora,1.4757780379262426,0.18166267102754174,,,,
32,0.7855142478464767,2026-04-02 08:38:37.352961,2026-04-02 09:10:39.304015,0 days 00:32:01.951054,0.00034915736857896954,,0.5996269583702087,0.028598462677255215,COMPLETE,cifar100,clora,1.5129708293200714,0.6860707654822872,,,,
33,0.09480438593902515,2026-04-02 09:10:40.694959,2026-04-02 09:13:56.687255,0 days 00:03:15.992296,0.00047081546438988204,,,,PRUNED,cifar100,clora,1.2740208424667117,0.6769875399421565,,,,
34,0.09426350793287785,2026-04-02 09:13:58.168974,2026-04-02 09:17:11.312471,0 days 00:03:13.143497,0.000639299151734165,,,,PRUNED,cifar100,clora,1.6690903113504705,1.257518011242355,,,,
35,0.09323028701113209,2026-04-02 09:17:12.368276,2026-04-02 09:20:29.469488,0 days 00:03:17.101212,0.0002032636354291519,,,,PRUNED,cifar100,clora,1.3631117665873267,0.4424439360363423,,,,
36,0.09427147281458846,2026-04-02 09:20:30.602821,2026-04-02 09:23:45.022457,0 days 00:03:14.419636,0.00036329822695047,,,,PRUNED,cifar100,clora,1.7879029509717275,2.787413250518949,,,,
37,0.09496120071966382,2026-04-02 09:23:46.079016,2026-04-02 09:27:02.220122,0 days 00:03:16.141106,0.0006753309603838206,,,,PRUNED,cifar100,clora,1.1394179887761573,0.04629301639193796,,,,
38,0.09313111453681842,2026-04-02 09:27:03.277480,2026-04-02 09:30:22.455559,0 days 00:03:19.178079,0.00010468506605410952,,,,PRUNED,cifar100,clora,1.9018539032715935,3.729225320248147,,,,
39,0.17504263118250485,2026-04-02 09:30:23.506217,2026-04-02 09:36:53.908202,0 days 00:06:30.401985,0.00029107233595980107,,,,PRUNED,cifar100,clora,1.531953590730266,13.56030932535689,,,,
40,0.09235443901199805,2026-04-02 09:36:55.003074,2026-04-02 09:40:09.181805,0 days 00:03:14.178731,0.00013504996644600166,,,,PRUNED,cifar100,clora,1.22810461248231,0.2905010544453012,,,,
41,0.09447035450672468,2026-04-02 09:40:10.351051,2026-04-02 09:43:25.495909,0 days 00:03:15.144858,0.00038904468771293365,,,,PRUNED,cifar100,clora,1.5124071810869861,0.5973330395307879,,,,
42,0.18006644783430456,2026-04-02 09:43:26.629297,2026-04-02 09:49:55.344289,0 days 00:06:28.714992,0.0002968160094800838,,,,PRUNED,cifar100,clora,1.3290587790323154,0.13524652526831352,,,,
43,0.09422118983907846,2026-04-02 09:49:56.401008,2026-04-02 09:53:11.948770,0 days 00:03:15.547762,0.0008586145955571233,,,,PRUNED,cifar100,clora,1.4281264760756536,0.24952639331669602,,,,
44,0.09409213967536337,2026-04-02 09:53:13.001955,2026-04-02 09:56:26.956277,0 days 00:03:13.954322,0.0005662668937500367,,,,PRUNED,cifar100,clora,1.564714344117681,0.06618466982274672,,,,
45,0.09398573959111714,2026-04-02 09:56:28.007895,2026-04-02 09:59:44.360458,0 days 00:03:16.352563,0.00022717153075741154,,,,PRUNED,cifar100,clora,1.6637512210827041,0.14812490889059882,,,,
46,0.09402850897479872,2026-04-02 09:59:45.417335,2026-04-02 10:03:04.824694,0 days 00:03:19.407359,0.00040999132904646814,,,,PRUNED,cifar100,clora,1.1066802234397053,1.2373415618726338,,,,
47,0.09441251198658474,2026-04-02 10:03:05.888948,2026-04-02 10:06:23.900904,0 days 00:03:18.011956,0.00031524966816308766,,,,PRUNED,cifar100,clora,1.4863031332533847,0.47174983131908893,,,,
48,0.25914767564284885,2026-04-02 10:06:24.955579,2026-04-02 10:16:11.446086,0 days 00:09:46.490507,0.0007868887872312686,,,,PRUNED,cifar100,clora,1.3141952323532413,0.7886095415555586,,,,
49,0.09480292202741925,2026-04-02 10:16:12.504212,2026-04-02 10:19:28.400165,0 days 00:03:15.895953,0.0004974282225959185,,,,PRUNED,cifar100,clora,1.6374353004313704,0.10482414566142317,,,,
50,0.08284507846254356,2026-04-02 10:19:29.457922,2026-04-02 10:22:47.203121,0 days 00:03:17.745199,0.006001540040402087,,,,PRUNED,cifar100,clora,1.7323241602593438,0.033171480873656456,,,,
51,0.0936384726783169,2026-04-02 10:22:48.262800,2026-04-02 10:26:02.575575,0 days 00:03:14.312775,0.0011734545945582399,,,,PRUNED,cifar100,clora,1.282746146034059,1.9010846292227186,,,,
52,0.17663133288957472,2026-04-02 10:26:03.638496,2026-04-02 10:32:35.041449,0 days 00:06:31.402953,0.0005590101550201661,,,,PRUNED,cifar100,clora,1.3714578395947474,12.054408526994521,,,,
53,0.17633137625578815,2026-04-02 10:32:36.088779,2026-04-02 10:39:08.165053,0 days 00:06:32.076274,0.0007270284942359757,,,,PRUNED,cifar100,clora,1.4249371311736492,6.0429426974379545,,,,
54,0.7720491779328531,2026-04-02 10:39:09.220711,2026-04-02 11:11:33.138573,0 days 00:32:23.917862,0.00035595834710212436,,0.5850184559822083,0.040920100116501976,COMPLETE,cifar100,clora,1.5965047853104126,0.32121610973711834,,,,
55,0.26423673868590336,2026-04-02 11:11:34.479976,2026-04-02 11:21:14.657954,0 days 00:09:40.177978,0.00035562577821097205,,,,PRUNED,cifar100,clora,1.5559442812848479,0.19613215734596814,,,,
56,0.09442417563820972,2026-04-02 11:21:15.718011,2026-04-02 11:24:32.475473,0 days 00:03:16.757462,0.0002056703212263272,,,,PRUNED,cifar100,clora,1.5925147903929913,0.344491911626976,,,,
57,0.09407277894790633,2026-04-02 11:24:33.534294,2026-04-02 11:27:49.580224,0 days 00:03:16.045930,0.00026563147335210106,,,,PRUNED,cifar100,clora,1.8068481780933925,0.5252543306605627,,,,
58,0.0948456380813747,2026-04-02 11:27:50.634099,2026-04-02 11:31:05.963815,0 days 00:03:15.329716,0.00040641115643928765,,,,PRUNED,cifar100,clora,1.4943494394687393,0.2711914136793057,,,,
59,0.09428259076501028,2026-04-02 11:31:07.034096,2026-04-02 11:34:20.345395,0 days 00:03:13.311299,0.00014565827675321446,,,,PRUNED,cifar100,clora,1.722824257186482,0.01270312504904561,,,,
0,0.4406998742464073,2026-04-01 17:26:44.179268,2026-04-01 18:02:15.379690,0 days 00:35:31.200422,0.006564967019447523,,0.2676389813423157,0.3862392328495011,COMPLETE,cifar100,ewc,,,0.9739116053146143,0.8411344982532587,,
1,0.5919261019116457,2026-04-01 18:02:16.984969,2026-04-01 18:38:34.333658,0 days 00:36:17.348689,0.0012159885026326964,,0.4254167675971985,0.24156456377390695,COMPLETE,cifar100,ewc,,,0.8493451920440571,6.449821605044921,,
2,0.4724924505682948,2026-04-01 18:38:35.922703,2026-04-01 19:14:12.807691,0 days 00:35:36.884988,0.0027540297954506544,,0.32613664865493774,0.3811517475183481,COMPLETE,cifar100,ewc,,,0.999810697375063,3.4687004461796542,,
3,0.6614409901052852,2026-04-01 19:14:14.275253,2026-04-01 19:49:56.650502,0 days 00:35:42.375249,0.00010328706714054279,,0.3935696482658386,0.07068766805526819,COMPLETE,cifar100,ewc,,,0.830463226455966,3.7471819217043567,,
4,0.4511645856992115,2026-04-01 19:49:58.247246,2026-04-01 20:26:33.653629,0 days 00:36:35.406383,0.006367522471763895,,0.2609139084815979,0.358584737083175,COMPLETE,cifar100,ewc,,,0.9627400838636545,0.8279246909106364,,
5,0.08960703172271248,2026-04-01 20:26:34.995971,2026-04-01 20:29:29.495991,0 days 00:02:54.500020,0.006784194009304708,,,,PRUNED,cifar100,ewc,,,0.9322521499701106,1.3006877542649886,,
6,0.15076098083447623,2026-04-01 20:29:30.573295,2026-04-01 20:36:05.086593,0 days 00:06:34.513298,0.004203704180958146,,,,PRUNED,cifar100,ewc,,,0.9447335856594197,6.946341094729725,,
7,0.6686568744469403,2026-04-01 20:36:06.148228,2026-04-01 21:12:19.729530,0 days 00:36:13.581302,0.0001895266785568902,,0.43422985076904297,0.09691610187516228,COMPLETE,cifar100,ewc,,,0.9665241338463982,3.387434148899527,,
8,0.09074465141776844,2026-04-01 21:12:21.336896,2026-04-01 21:15:18.754445,0 days 00:02:57.417549,0.0076528301967500895,,,,PRUNED,cifar100,ewc,,,0.9508868624117446,5.258920596113763,,
9,0.14819296545666882,2026-04-01 21:15:19.847077,2026-04-01 21:22:00.166647,0 days 00:06:40.319570,0.004253527188861429,,,,PRUNED,cifar100,ewc,,,0.9227226281903418,2.453472128513965,,
10,0.7008437107182179,2026-04-01 21:22:01.186420,2026-04-01 21:58:52.224985,0 days 00:36:51.038565,0.00023620338075915474,,0.4702436327934265,0.06855621135699048,COMPLETE,cifar100,ewc,,,0.8631377846981585,9.59886225205036,,
11,0.693929013172203,2026-04-01 21:58:53.804647,2026-04-01 22:35:38.427636,0 days 00:36:44.622989,0.00014226248832095506,,0.4419132173061371,0.0540551909617311,COMPLETE,cifar100,ewc,,,0.8759474638280854,9.787255734118252,,
12,0.685887915096443,2026-04-01 22:35:39.783590,2026-04-01 23:12:34.717074,0 days 00:36:54.933484,0.0004059280756899039,,0.4721549153327942,0.10037908513990816,COMPLETE,cifar100,ewc,,,0.8754927553345729,9.646633574763303,,
13,0.6982247574417227,2026-04-01 23:12:35.982839,2026-04-01 23:49:11.236535,0 days 00:36:35.253696,0.0004274053474266991,,0.4863659739494324,0.08991645906598693,COMPLETE,cifar100,ewc,,,0.878546516885763,9.624385170386265,,
14,0.6738032967202195,2026-04-01 23:49:12.597374,2026-04-02 00:26:11.907919,0 days 00:36:59.310545,0.00041059894471906386,,0.46511226892471313,0.11750567548427408,COMPLETE,cifar100,ewc,,,0.8970975937704194,8.172959682138853,,
15,0.6846794139715704,2026-04-02 00:26:13.247348,2026-04-02 01:03:07.072097,0 days 00:36:53.824749,0.00036582751426002464,,0.4682033956050873,0.09884456766194641,COMPLETE,cifar100,ewc,,,0.8064982089150778,8.199442931869617,,
16,0.17099534687010412,2026-04-02 01:03:08.351032,2026-04-02 01:09:53.156551,0 days 00:06:44.805519,0.0009915121500296991,,,,PRUNED,cifar100,ewc,,,0.8565845879774701,8.709903956983094,,
17,0.17368108463389959,2026-04-02 01:09:54.151185,2026-04-02 01:16:37.931959,0 days 00:06:43.780774,0.0007427020365842635,,,,PRUNED,cifar100,ewc,,,0.9057388318856838,6.8837099261101,,
18,0.31881576105811804,2026-04-02 01:16:38.938450,2026-04-02 01:30:52.766238,0 days 00:14:13.827788,0.0002507548551545603,,,,PRUNED,cifar100,ewc,,,0.8206356090555355,5.601781279939524,,
19,0.17173870216400297,2026-04-02 01:30:53.767238,2026-04-02 01:37:34.367175,0 days 00:06:40.599937,0.0006249582500169475,,,,PRUNED,cifar100,ewc,,,0.8871026128185208,8.896473632992599,,
20,0.0936042644480109,2026-04-02 01:37:35.383834,2026-04-02 01:40:30.208993,0 days 00:02:54.825159,0.0017838644270644817,,,,PRUNED,cifar100,ewc,,,0.8495981233371954,7.464397615498942,,
21,0.09212436557467678,2026-04-02 01:40:31.240039,2026-04-02 01:43:27.263152,0 days 00:02:56.023113,0.00010983878445685807,,,,PRUNED,cifar100,ewc,,,0.8698376022815489,9.778880112962877,,
22,0.6885912434450748,2026-04-02 01:43:28.276624,2026-04-02 02:19:59.359259,0 days 00:36:31.082635,0.0001783190340297909,,0.4429762363433838,0.0657937494532341,COMPLETE,cifar100,ewc,,,0.8688753484889922,9.954921042348762,,
23,0.6988087574658841,2026-04-02 02:20:00.746378,2026-04-02 02:56:27.913972,0 days 00:36:27.167594,0.0002430226608110096,,0.46593165397644043,0.06831413904467218,COMPLETE,cifar100,ewc,,,0.906359838873489,8.915112475520974,,
24,0.44736563472703283,2026-04-02 02:56:29.202704,2026-04-02 03:18:00.467937,0 days 00:21:31.265233,0.0002690806339384848,,,,PRUNED,cifar100,ewc,,,0.9058605249937027,8.478463238157024,,
25,0.17071572862183018,2026-04-02 03:18:01.507040,2026-04-02 03:24:40.773838,0 days 00:06:39.266798,0.000605678134512874,,,,PRUNED,cifar100,ewc,,,0.9169699731276824,7.581039677897202,,
26,0.6943726926244491,2026-04-02 03:24:41.783366,2026-04-02 04:01:23.216364,0 days 00:36:41.432998,0.000252051022185888,,0.46057114005088806,0.07182575480198997,COMPLETE,cifar100,ewc,,,0.836399415423287,9.223190281939445,,
27,0.09408023660513837,2026-04-02 04:01:24.576575,2026-04-02 04:04:20.209985,0 days 00:02:55.633410,0.00032591534424439056,,,,PRUNED,cifar100,ewc,,,0.8900752547747166,6.039159397544621,,
28,0.17436473389458704,2026-04-02 04:04:21.221217,2026-04-02 04:11:01.526917,0 days 00:06:40.305700,0.0005519279927681552,,,,PRUNED,cifar100,ewc,,,0.9163745000444934,4.547790489138456,,
29,0.17396537875174548,2026-04-02 04:11:02.529798,2026-04-02 04:17:40.697902,0 days 00:06:38.168104,0.0001763191449119809,,,,PRUNED,cifar100,ewc,,,0.884878188566111,7.809900083666534,,
0,0.49783402369661267,2026-04-02 01:51:19.675992,2026-04-02 02:21:45.125053,0 days 00:30:25.449061,0.004577712867926753,,0.3248884379863739,0.3292203905931485,COMPLETE,cifar100,inflora,,,,,,
1,0.4285443165029458,2026-04-02 02:21:46.780612,2026-04-02 02:53:54.427216,0 days 00:32:07.646604,0.009185249560271521,,0.23512797057628632,0.3780393375703948,COMPLETE,cifar100,inflora,,,,,,
2,0.5693662136172135,2026-04-02 02:53:55.708211,2026-04-02 03:25:13.227790,0 days 00:31:17.519579,0.0030828594434568167,,0.3872837722301483,0.24855134499572124,COMPLETE,cifar100,inflora,,,,,,
3,0.7315425532593248,2026-04-02 03:25:15.025731,2026-04-02 03:56:09.644901,0 days 00:30:54.619170,0.0005567372119474037,,0.5276481509208679,0.0645630444022183,COMPLETE,cifar100,inflora,,,,,,
4,0.7011527777184732,2026-04-02 03:56:11.235761,2026-04-02 04:27:16.402116,0 days 00:31:05.166355,0.00011839479621445903,,0.4947793483734131,0.09247379293646686,COMPLETE,cifar100,inflora,,,,,,
5,0.6679165425578903,2026-04-02 04:17:55.956643,2026-04-02 04:53:06.916247,0 days 00:35:10.959604,0.0011771498430442734,,0.4788568615913391,0.14302377647555845,COMPLETE,cifar100,inflora,,,,,,
6,0.7445233073283184,2026-04-02 04:27:17.859326,2026-04-02 04:58:08.551884,0 days 00:30:50.692558,0.0005407762420064198,,0.5366756916046143,0.04762907694797754,COMPLETE,cifar100,inflora,,,,,,
7,0.7386764521821223,2026-04-02 04:53:08.386996,2026-04-02 05:25:29.362218,0 days 00:32:20.975222,0.00048767814479986157,,0.5273011922836304,0.049948287919385714,COMPLETE,cifar100,inflora,,,,,,
8,0.09108995143678256,2026-04-02 04:58:10.525771,2026-04-02 05:01:14.464460,0 days 00:03:03.938689,0.0027916576666163827,,,,PRUNED,cifar100,inflora,,,,,,
9,0.23999306834690895,2026-04-02 05:01:15.678782,2026-04-02 05:10:33.274190,0 days 00:09:17.595408,0.002101572224859994,,,,PRUNED,cifar100,inflora,,,,,,
10,0.04716112655746844,2026-04-02 05:10:34.472919,2026-04-02 05:13:39.320546,0 days 00:03:04.847627,0.009036429161381154,,,,PRUNED,cifar100,inflora,,,,,,
11,0.7354071856282356,2026-04-02 05:13:40.519631,2026-04-02 05:44:23.269910,0 days 00:30:42.750279,0.00020121533831024953,,0.5343626141548157,0.0635482428983445,COMPLETE,cifar100,inflora,,,,,,
12,0.75269759100803,2026-04-02 05:25:30.848472,2026-04-02 05:56:53.948696,0 days 00:31:23.100224,0.00036109164428689626,,0.5391318202018738,0.03373663818581369,COMPLETE,cifar100,inflora,,,,,,
13,0.7497761750847824,2026-04-02 05:44:24.792719,2026-04-02 06:15:22.577277,0 days 00:30:57.784558,0.0004693304113814209,,0.5443616509437561,0.044809300774191256,COMPLETE,cifar100,inflora,,,,,,
14,0.7499682603829559,2026-04-02 05:56:55.710161,2026-04-02 06:28:33.908897,0 days 00:31:38.198736,0.0003521903744469475,,0.5419318675994873,0.04199534683357542,COMPLETE,cifar100,inflora,,,,,,
15,0.09174535918145121,2026-04-02 06:15:24.170276,2026-04-02 06:18:31.844458,0 days 00:03:07.674182,0.0002014162022908803,,,,PRUNED,cifar100,inflora,,,,,,
16,0.09295479118144101,2026-04-02 06:18:33.146835,2026-04-02 06:21:40.491573,0 days 00:03:07.344738,0.0002995045814618017,,,,PRUNED,cifar100,inflora,,,,,,
17,0.2554134676876959,2026-04-02 06:21:41.709454,2026-04-02 06:30:59.272667,0 days 00:09:17.563213,0.0012340603910259138,,,,PRUNED,cifar100,inflora,,,,,,
18,0.395441119972147,2026-04-02 06:28:35.370315,2026-04-02 06:44:08.250668,0 days 00:15:32.880353,0.00102406749082033,,,,PRUNED,cifar100,inflora,,,,,,
19,0.08730099750080715,2026-04-02 06:31:00.507772,2026-04-02 06:34:07.814354,0 days 00:03:07.306582,0.00011270600902047278,,,,PRUNED,cifar100,inflora,,,,,,
20,0.09316990566457631,2026-04-02 06:34:09.018391,2026-04-02 06:37:14.292763,0 days 00:03:05.274372,0.00028593514270923643,,,,PRUNED,cifar100,inflora,,,,,,
21,0.398202530395239,2026-04-02 06:37:15.490125,2026-04-02 06:52:48.449570,0 days 00:15:32.959445,0.0008096797704609514,,,,PRUNED,cifar100,inflora,,,,,,
22,0.7573731349015469,2026-04-02 06:44:09.440249,2026-04-02 07:15:03.339100,0 days 00:30:53.898851,0.0003867141200879295,,0.5492731928825378,0.03452692307944405,COMPLETE,cifar100,inflora,,,,,,
23,0.0936161366181569,2026-04-02 06:52:49.652702,2026-04-02 06:55:58.181183,0 days 00:03:08.528481,0.0003693044712518844,,,,PRUNED,cifar100,inflora,,,,,,
24,0.09266555608452043,2026-04-02 06:55:59.383053,2026-04-02 06:59:05.580826,0 days 00:03:06.197773,0.00019838715888732735,,,,PRUNED,cifar100,inflora,,,,,,
25,0.46511927164977396,2026-04-02 06:59:06.790662,2026-04-02 07:17:47.620794,0 days 00:18:40.830132,0.0007526403923736088,,,,PRUNED,cifar100,inflora,,,,,,
26,0.47208308306977903,2026-04-02 07:15:05.104946,2026-04-02 07:33:49.705211,0 days 00:18:44.600265,0.0007952849135224017,,,,PRUNED,cifar100,inflora,,,,,,
27,0.09172398629297326,2026-04-02 07:17:48.815051,2026-04-02 07:20:57.074647,0 days 00:03:08.259596,0.00016852502337065067,,,,PRUNED,cifar100,inflora,,,,,,
28,0.2573063550563027,2026-04-02 07:20:58.286961,2026-04-02 07:30:11.674537,0 days 00:09:13.387576,0.00030894800861883766,,,,PRUNED,cifar100,inflora,,,,,,
29,0.17667180425888604,2026-04-02 07:30:12.871585,2026-04-02 07:36:22.950572,0 days 00:06:10.078987,0.0006943587166333309,,,,PRUNED,cifar100,inflora,,,,,,
30,0.0921879380148173,2026-04-02 07:33:50.892203,2026-04-02 07:37:04.969638,0 days 00:03:14.077435,0.001787830834990811,,,,PRUNED,cifar100,inflora,,,,,,
31,0.17466091595646777,2026-04-02 07:36:24.164582,2026-04-02 07:42:34.018691,0 days 00:06:09.854109,0.0014912007472710584,,,,PRUNED,cifar100,inflora,,,,,,
32,0.7578032398594631,2026-04-02 07:37:06.371690,2026-04-02 08:07:58.961355,0 days 00:30:52.589665,0.00041611933556201514,,0.5570365190505981,0.04143003933167202,COMPLETE,cifar100,inflora,,,,,,
33,0.17750166737267953,2026-04-02 07:42:35.208634,2026-04-02 07:48:40.172346,0 days 00:06:04.963712,0.0004131319944537809,,,,PRUNED,cifar100,inflora,,,,,,
34,0.09327209515943273,2026-04-02 07:48:41.376342,2026-04-02 07:51:45.590487,0 days 00:03:04.214145,0.00024530376207274903,,,,PRUNED,cifar100,inflora,,,,,,
35,0.09348899701702278,2026-04-02 07:51:46.789236,2026-04-02 07:54:50.683655,0 days 00:03:03.894419,0.00041195212595207504,,,,PRUNED,cifar100,inflora,,,,,,
36,0.7346174562208971,2026-04-02 07:54:51.893851,2026-04-02 08:25:42.874025,0 days 00:30:50.980174,0.0005926364416276658,,,,PRUNED,cifar100,inflora,,,,,,
37,0.09053414452665204,2026-04-02 08:08:00.893141,2026-04-02 08:11:05.374364,0 days 00:03:04.481223,0.0001510389150136485,,,,PRUNED,cifar100,inflora,,,,,,
38,0.7435434328908491,2026-04-02 08:11:06.564890,2026-04-02 08:42:33.656800,0 days 00:31:27.091910,0.0006051544687742293,,0.5429056882858276,0.05581882250412941,COMPLETE,cifar100,inflora,,,,,,
39,0.09061282760403462,2026-04-02 08:25:44.076653,2026-04-02 08:28:48.955893,0 days 00:03:04.879240,0.0001378179059341823,,,,PRUNED,cifar100,inflora,,,,,,
40,0.09388281308086198,2026-04-02 08:28:50.157505,2026-04-02 08:31:55.151976,0 days 00:03:04.994471,0.00035273046749904115,,,,PRUNED,cifar100,inflora,,,,,,
41,0.17586127943972382,2026-04-02 08:42:34.905148,2026-04-02 08:48:49.272325,0 days 00:06:14.367177,0.0004981335602862005,,,,PRUNED,cifar100,inflora,,,,,,
42,0.09366230972592823,2026-04-02 08:48:50.275691,2026-04-02 08:51:56.360644,0 days 00:03:06.084953,0.00024989076918683966,,,,PRUNED,cifar100,inflora,,,,,,
43,0.09343161311269713,2026-04-02 08:51:57.352919,2026-04-02 08:55:04.338765,0 days 00:03:06.985846,0.0004609791244834959,,,,PRUNED,cifar100,inflora,,,,,,
44,0.09387462777953184,2026-04-02 08:55:05.361529,2026-04-02 08:58:11.982997,0 days 00:03:06.621468,0.0002680977048765645,,,,PRUNED,cifar100,inflora,,,,,,
45,0.09420004334059956,2026-04-02 08:58:13.054679,2026-04-02 09:01:15.911607,0 days 00:03:02.856928,0.0003883891556017014,,,,PRUNED,cifar100,inflora,,,,,,
46,0.4693834679590727,2026-04-02 09:01:16.900600,2026-04-02 09:19:42.704519,0 days 00:18:25.803919,0.000576474779748026,,,,PRUNED,cifar100,inflora,,,,,,
47,0.07773920486861759,2026-04-02 09:19:43.697420,2026-04-02 09:22:50.711459,0 days 00:03:07.014039,0.005216693427392948,,,,PRUNED,cifar100,inflora,,,,,,
48,0.09399045235530501,2026-04-02 09:22:51.698147,2026-04-02 09:25:54.844887,0 days 00:03:03.146740,0.0009684533360912715,,,,PRUNED,cifar100,inflora,,,,,,
49,0.09291871511324282,2026-04-02 09:25:55.840944,2026-04-02 09:29:01.177067,0 days 00:03:05.336123,0.00021070025415430212,,,,PRUNED,cifar100,inflora,,,,,,
50,0.7428773455781861,2026-04-02 09:29:02.169206,2026-04-02 10:00:14.228047,0 days 00:31:12.058841,0.0003509515869111622,,0.5281943678855896,0.04243967672921748,COMPLETE,cifar100,inflora,,,,,,
51,0.7421071313160958,2026-04-02 10:00:15.487291,2026-04-02 10:32:07.082349,0 days 00:31:51.595058,0.0005008078760120652,,0.5329374670982361,0.0487232044660445,COMPLETE,cifar100,inflora,,,,,,
52,0.1775721175580874,2026-04-02 10:32:08.418266,2026-04-02 10:38:13.387225,0 days 00:06:04.968959,0.0006567559707258073,,,,PRUNED,cifar100,inflora,,,,,,
53,0.0938847748838904,2026-04-02 10:38:14.380122,2026-04-02 10:41:20.666870,0 days 00:03:06.286748,0.00031424168340131974,,,,PRUNED,cifar100,inflora,,,,,,
54,0.1784760461105636,2026-04-02 10:41:21.649900,2026-04-02 10:47:30.145746,0 days 00:06:08.495846,0.00045371129486929254,,,,PRUNED,cifar100,inflora,,,,,,
55,0.17870344353041948,2026-04-02 10:47:31.171101,2026-04-02 10:53:41.102577,0 days 00:06:09.931476,0.0008746722964448778,,,,PRUNED,cifar100,inflora,,,,,,
56,0.17668574911524754,2026-04-02 10:53:42.096722,2026-04-02 10:59:49.367127,0 days 00:06:07.270405,0.0011263472628929025,,,,PRUNED,cifar100,inflora,,,,,,
57,0.7505688736896681,2026-04-02 10:59:50.361834,2026-04-02 11:30:53.563022,0 days 00:31:03.201188,0.0005228108774867274,,0.5471202731132507,0.0459825257339147,COMPLETE,cifar100,inflora,,,,,,
58,0.09308559597671706,2026-04-02 11:30:54.827283,2026-04-02 11:34:00.159485,0 days 00:03:05.332202,0.00023817265479558931,,,,PRUNED,cifar100,inflora,,,,,,
59,0.09343788886704826,2026-04-02 11:34:01.174439,2026-04-02 11:37:04.959672,0 days 00:03:03.785233,0.0003156353300040128,,,,PRUNED,cifar100,inflora,,,,,,
0,0.523338211105209,2026-04-01 17:26:44.445985,2026-04-01 17:54:26.580821,0 days 00:27:42.134836,0.0008575614667907575,,0.3554995656013489,0.3088231433909309,COMPLETE,cifar100,lora,,,,,,
1,0.5097445044925379,2026-04-01 17:54:28.234840,2026-04-01 18:22:04.409973,0 days 00:27:36.175133,0.0011219786082641919,,0.3540820777416229,0.33459306875654693,COMPLETE,cifar100,lora,,,,,,
2,0.504114841805255,2026-04-01 18:22:05.715106,2026-04-01 18:49:45.201759,0 days 00:27:39.486653,0.0012249899229013748,,0.34768199920654297,0.33945231559603284,COMPLETE,cifar100,lora,,,,,,
3,0.49951391508185505,2026-04-01 18:49:46.497898,2026-04-01 19:17:45.787787,0 days 00:27:59.289889,0.0010696777630189096,,0.3457910120487213,0.34676318188501115,COMPLETE,cifar100,lora,,,,,,
4,0.4478624539279683,2026-04-01 19:17:47.101926,2026-04-01 19:45:47.791972,0 days 00:28:00.690046,0.002470399939467275,,0.3053376376628876,0.40961272980695096,COMPLETE,cifar100,lora,,,,,,
5,0.15282313569370096,2026-04-01 19:45:49.096685,2026-04-01 19:51:24.319688,0 days 00:05:35.223003,0.002507962544888728,,,,PRUNED,cifar100,lora,,,,,,
6,0.08878963921686542,2026-04-01 19:51:25.348104,2026-04-01 19:54:11.678340,0 days 00:02:46.330236,0.009885573827076414,,,,PRUNED,cifar100,lora,,,,,,
7,0.08627070127047967,2026-04-01 19:54:12.706534,2026-04-01 19:57:01.189206,0 days 00:02:48.482672,0.009843942269409638,,,,PRUNED,cifar100,lora,,,,,,
8,0.15832972500368464,2026-04-01 19:57:02.208411,2026-04-01 20:02:36.588564,0 days 00:05:34.380153,0.0016195069396937177,,,,PRUNED,cifar100,lora,,,,,,
9,0.09297669074947838,2026-04-01 20:02:37.648846,2026-04-01 20:05:27.862893,0 days 00:02:50.214047,0.0029365225750985617,,,,PRUNED,cifar100,lora,,,,,,
10,0.6230263946715405,2026-04-01 20:05:28.952450,2026-04-01 20:32:51.186279,0 days 00:27:22.233829,0.0001893709261557452,,0.39131370186805725,0.14526091252497622,COMPLETE,cifar100,lora,,,,,,
11,0.09358136350636019,2026-04-01 20:32:52.817302,2026-04-01 20:35:39.019285,0 days 00:02:46.201983,0.00014811992289180727,,,,PRUNED,cifar100,lora,,,,,,
12,0.6007791803961808,2026-04-01 20:35:40.122646,2026-04-01 21:03:24.310301,0 days 00:27:44.187655,0.00023817506094258014,,0.37644529342651367,0.174886932634152,COMPLETE,cifar100,lora,,,,,,
13,0.0938593068956876,2026-04-01 21:03:25.601826,2026-04-01 21:06:13.963833,0 days 00:02:48.362007,0.00016127046499450973,,,,PRUNED,cifar100,lora,,,,,,
14,0.5851404644258126,2026-04-01 21:06:14.989288,2026-04-01 21:33:49.049968,0 days 00:27:34.060680,0.00032302871906067835,,0.377729594707489,0.2074486658558639,COMPLETE,cifar100,lora,,,,,,
15,0.5819492308417398,2026-04-01 21:33:50.347070,2026-04-01 22:01:09.339710,0 days 00:27:18.992640,0.0003672170613075679,,0.38033297657966614,0.2164345148961866,COMPLETE,cifar100,lora,,,,,,
16,0.5878197347332742,2026-04-01 22:01:10.632682,2026-04-01 22:28:21.843022,0 days 00:27:11.210340,0.00032158034097859315,,0.37681517004966736,0.20117570058311895,COMPLETE,cifar100,lora,,,,,,
17,0.09154048931321038,2026-04-01 22:28:23.212516,2026-04-01 22:31:09.913183,0 days 00:02:46.700667,0.00010586429609622343,,,,PRUNED,cifar100,lora,,,,,,
18,0.571416057858271,2026-04-01 22:31:10.938515,2026-04-01 22:58:31.629678,0 days 00:27:20.691163,0.0005004241258027016,,0.38057711720466614,0.23774500148812425,COMPLETE,cifar100,lora,,,,,,
19,0.6126700020445816,2026-04-01 22:58:32.927031,2026-04-01 23:26:00.779134,0 days 00:27:27.852103,0.00022885920666240094,,0.3828130066394806,0.1574730025503175,COMPLETE,cifar100,lora,,,,,,
20,0.16633419483079404,2026-04-01 23:26:02.090620,2026-04-01 23:31:33.778351,0 days 00:05:31.687731,0.0005661813288672773,,,,PRUNED,cifar100,lora,,,,,,
21,0.6234273230005956,2026-04-01 23:31:34.801068,2026-04-01 23:59:02.638796,0 days 00:27:27.837728,0.00020957579826469565,,0.3925628066062927,0.1457081606051016,COMPLETE,cifar100,lora,,,,,,
22,0.09373736117502583,2026-04-01 23:59:04.314160,2026-04-02 00:01:49.279671,0 days 00:02:44.965511,0.0001976760040353981,,,,PRUNED,cifar100,lora,,,,,,
23,0.09148961110146778,2026-04-02 00:01:50.300316,2026-04-02 00:04:37.259041,0 days 00:02:46.958725,0.00011220551056399648,,,,PRUNED,cifar100,lora,,,,,,
24,0.09482196505418747,2026-04-02 00:04:38.279385,2026-04-02 00:07:23.115592,0 days 00:02:44.836207,0.00022807462050505712,,,,PRUNED,cifar100,lora,,,,,,
25,0.17197692406090945,2026-04-02 00:07:24.136569,2026-04-02 00:12:51.277201,0 days 00:05:27.140632,0.0004518012711805997,,,,PRUNED,cifar100,lora,,,,,,
26,0.16992032925232092,2026-04-02 00:12:52.298798,2026-04-02 00:18:19.469864,0 days 00:05:27.171066,0.0006695053985810789,,,,PRUNED,cifar100,lora,,,,,,
27,0.09330513174769538,2026-04-02 00:18:20.485526,2026-04-02 00:21:06.378113,0 days 00:02:45.892587,0.000146889794381037,,,,PRUNED,cifar100,lora,,,,,,
28,0.607897369269583,2026-04-02 00:21:07.398413,2026-04-02 00:48:27.700444,0 days 00:27:20.302031,0.0002571277911855636,,0.3852640688419342,0.16946933030276798,COMPLETE,cifar100,lora,,,,,,
29,0.09133435850360996,2026-04-02 00:48:28.993221,2026-04-02 00:51:16.946469,0 days 00:02:47.953248,0.00010213846155468726,,,,PRUNED,cifar100,lora,,,,,,
30,0.1710487402229372,2026-04-02 11:34:36.700197,2026-04-02 11:40:32.615988,0 days 00:05:55.915791,0.0007563672042608041,,,,PRUNED,cifar100,lora,,,,,,
31,0.09401217381763818,2026-04-02 11:40:33.627189,2026-04-02 11:43:28.534170,0 days 00:02:54.906981,0.00026337421731894423,,,,PRUNED,cifar100,lora,,,,,,
32,0.09388246137662985,2026-04-02 11:43:29.634877,2026-04-02 11:46:37.071780,0 days 00:03:07.436903,0.00019038562260567226,,,,PRUNED,cifar100,lora,,,,,,
33,0.09420979100743399,2026-04-02 11:46:38.285516,2026-04-02 11:49:49.683275,0 days 00:03:11.397759,0.00040111038588774975,,,,PRUNED,cifar100,lora,,,,,,
34,,2026-04-02 11:49:51.055009,,,0.00014276375103067267,,,,RUNNING,cifar100,lora,,,,,,
0,0.6812882423241826,2026-04-01 17:26:44.188466,2026-04-01 18:20:14.361360,0 days 00:53:30.172894,0.0010428886576029433,,0.5764427781105042,0.21386629346213884,COMPLETE,cifar100,rwalk,,,,,0.23106174830510018,0.12525779807635729
1,0.47996328765096097,2026-04-01 18:20:15.915997,2026-04-01 19:13:38.509955,0 days 00:53:22.593958,0.00027536666692901725,,0.34108346700668335,0.3811568917047614,COMPLETE,cifar100,rwalk,,,,,0.9362460291709406,0.19169877869499163
2,0.7400057176823536,2026-04-01 19:13:39.777118,2026-04-01 20:07:17.131742,0 days 00:53:37.354624,0.0016608440312450095,,0.6363381147384644,0.15632667937375724,COMPLETE,cifar100,rwalk,,,,,0.8038480838052582,0.18437058744808543
3,0.6870358255897613,2026-04-01 20:07:18.872290,2026-04-01 21:00:53.035462,0 days 00:53:34.163172,0.0005611678749010052,,0.5639523267745972,0.18988067559507452,COMPLETE,cifar100,rwalk,,,,,0.09753775132078346,0.11599073281876626
4,0.7212448976014765,2026-04-01 21:00:54.279657,2026-04-01 21:54:30.053241,0 days 00:53:35.773584,0.0009298999453131118,,0.6120243668556213,0.1695345716526683,COMPLETE,cifar100,rwalk,,,,,0.8195693619146053,0.36713570769928816
5,0.09378267038231114,2026-04-01 21:54:31.321363,2026-04-01 21:59:22.338330,0 days 00:04:51.016967,0.00021867102465555443,,,,PRUNED,cifar100,rwalk,,,,,0.007168813631130089,0.8100122679081467
6,0.0944799549112755,2026-04-01 21:59:23.323327,2026-04-01 22:04:17.628944,0 days 00:04:54.305617,0.00031393301788874936,,,,PRUNED,cifar100,rwalk,,,,,0.42003527008083963,0.07317844954126396
7,0.09440623464296528,2026-04-01 22:04:18.613570,2026-04-01 22:09:11.253611,0 days 00:04:52.640041,0.00019373045578572438,,,,PRUNED,cifar100,rwalk,,,,,0.5078594823074849,0.4664352693848992
8,0.0923250778546351,2026-04-01 22:09:12.229455,2026-04-01 22:14:03.868891,0 days 00:04:51.639436,0.005105170027258406,,,,PRUNED,cifar100,rwalk,,,,,0.2075394066360594,0.4209369582582422
9,0.09432646749760715,2026-04-01 22:14:04.835708,2026-04-01 22:18:55.757310,0 days 00:04:50.921602,0.002638624661865038,,,,PRUNED,cifar100,rwalk,,,,,0.6725939013552438,0.3199793382672719
10,0.16598224716040588,2026-04-01 22:18:56.772384,2026-04-01 22:29:18.642790,0 days 00:10:21.870406,0.007715838848202204,,,,PRUNED,cifar100,rwalk,,,,,0.9880160229735242,0.798011258400394
11,0.2521529023244983,2026-04-01 22:29:19.736255,2026-04-01 22:45:01.430948,0 days 00:15:41.694693,0.0018124308128111477,,,,PRUNED,cifar100,rwalk,,,,,0.7529739272096624,0.6504780686428739
12,0.17461059931075001,2026-04-01 22:45:02.508377,2026-04-01 22:55:21.354890,0 days 00:10:18.846513,0.0009965282750777486,,,,PRUNED,cifar100,rwalk,,,,,0.7613237751188845,0.34129396500939646
13,0.24989299074160506,2026-04-01 22:55:22.326558,2026-04-01 23:10:58.233249,0 days 00:15:35.906691,0.0023042393112850884,,,,PRUNED,cifar100,rwalk,,,,,0.8304749594406315,0.5964326766026421
14,0.172371009751119,2026-04-01 23:10:59.215728,2026-04-01 23:21:25.130980,0 days 00:10:25.915252,0.0009262420401025553,,,,PRUNED,cifar100,rwalk,,,,,0.5629503531230833,0.26718876857941143
15,0.09382093055279991,2026-04-01 23:21:26.112219,2026-04-01 23:26:20.606169,0 days 00:04:54.493950,0.00010439537967467193,,,,PRUNED,cifar100,rwalk,,,,,0.6439838736487911,0.014959858778248236
16,0.09429937969085832,2026-04-01 23:26:21.589443,2026-04-01 23:31:14.469159,0 days 00:04:52.879716,0.003977794240132485,,,,PRUNED,cifar100,rwalk,,,,,0.8344055617555077,0.9527112450514669
17,0.09450987626731173,2026-04-01 23:31:15.449971,2026-04-01 23:36:09.081714,0 days 00:04:53.631743,0.0006610823714373935,,,,PRUNED,cifar100,rwalk,,,,,0.4296069927513947,0.2290839805705094
18,0.7150736502773436,2026-04-01 23:36:10.065705,2026-04-02 00:29:30.818089,0 days 00:53:20.752384,0.0015482433720566727,,0.6087817549705505,0.1786344544158634,COMPLETE,cifar100,rwalk,,,,,0.8727245978356529,0.585347622580853
19,0.17158006380417054,2026-04-02 00:29:32.055144,2026-04-02 00:39:44.029271,0 days 00:10:11.974127,0.0004385951130431258,,,,PRUNED,cifar100,rwalk,,,,,0.6257122818273105,0.36998720287660825
20,0.09480833252289897,2026-04-02 00:39:45.012279,2026-04-02 00:44:33.783361,0 days 00:04:48.771082,0.004034267707416402,,,,PRUNED,cifar100,rwalk,,,,,0.7495719850846451,0.48856017934251195
21,0.2547712417976473,2026-04-02 00:44:34.770765,2026-04-02 01:00:08.300726,0 days 00:15:33.529961,0.001609160522880553,,,,PRUNED,cifar100,rwalk,,,,,0.882608082791958,0.5902463404429934
22,0.25393331370327,2026-04-02 01:00:09.283756,2026-04-02 01:15:49.227540,0 days 00:15:39.943784,0.00136590069032906,,,,PRUNED,cifar100,rwalk,,,,,0.962981301541038,0.7062066753523895
23,0.25043707265830195,2026-04-02 01:15:50.206489,2026-04-02 01:31:24.170976,0 days 00:15:33.964487,0.002615356806204621,,,,PRUNED,cifar100,rwalk,,,,,0.8735937930751395,0.5709555339217605
24,0.16932011641457523,2026-04-02 01:31:25.154002,2026-04-02 01:41:43.989356,0 days 00:10:18.835354,0.0007583821250483944,,,,PRUNED,cifar100,rwalk,,,,,0.7096952872899547,0.4183965352818827
25,0.17549889451561757,2026-04-02 01:41:44.961042,2026-04-02 01:51:51.502300,0 days 00:10:06.541258,0.0014171509449221354,,,,PRUNED,cifar100,rwalk,,,,,0.8235145779754349,0.17276004315844057
26,0.09471947950215401,2026-04-02 01:51:52.479171,2026-04-02 01:56:37.893948,0 days 00:04:45.414777,0.0004931159078011973,,,,PRUNED,cifar100,rwalk,,,,,0.5875944997967482,0.5434042136272046
27,0.05402934254065669,2026-04-02 01:56:38.874204,2026-04-02 02:01:24.309774,0 days 00:04:45.435570,0.009628479890114788,,,,PRUNED,cifar100,rwalk,,,,,0.9070152784198688,0.28620773247751263
28,0.1751934017695021,2026-04-02 02:01:25.283769,2026-04-02 02:11:37.511333,0 days 00:10:12.227564,0.0020746755093096893,,,,PRUNED,cifar100,rwalk,,,,,0.7749306932090864,0.6970022385626325
29,0.09484824441061725,2026-04-02 02:11:38.479734,2026-04-02 02:16:25.952054,0 days 00:04:47.472320,0.001132331265473072,,,,PRUNED,cifar100,rwalk,,,,,0.3304198314411422,0.12736971391698237
0,0.7042685061611176,2026-04-02 02:16:42.703165,2026-04-02 02:54:31.942825,0 days 00:37:49.239660,0.00027201141384256624,,0.5530135035514832,0.1444764912292481,COMPLETE,cifar100,sdlora,,,,,,
1,0.7067916367135029,2026-04-02 02:54:33.620825,2026-04-02 03:31:58.204616,0 days 00:37:24.583791,0.0002737453561156246,,0.5605615973472595,0.14697832392025384,COMPLETE,cifar100,sdlora,,,,,,
2,0.7970630466838919,2026-04-02 03:31:59.831741,2026-04-02 04:09:21.956025,0 days 00:37:22.124284,0.0014202805888799243,,0.629950761795044,0.035824668427260176,COMPLETE,cifar100,sdlora,,,,,,
3,0.6208480038271227,2026-04-02 03:57:25.492104,2026-04-02 04:34:20.156117,0 days 00:36:54.664013,0.00011260140466146126,,0.47174501419067383,0.2300490065364285,COMPLETE,cifar100,sdlora,,,,,,
4,0.7928925837711416,2026-04-02 04:09:24.157651,2026-04-02 04:48:02.911030,0 days 00:38:38.753379,0.0011115830668029939,,0.61589515209198,0.0301099845496968,COMPLETE,cifar100,sdlora,,,,,,
5,0.7806807384387568,2026-04-02 04:34:21.669332,2026-04-02 05:11:36.407197,0 days 00:37:14.737865,0.002657292032317952,,0.6398351788520813,0.07847370197456766,COMPLETE,cifar100,sdlora,,,,,,
6,0.7749674693695658,2026-04-02 04:48:04.664472,2026-04-02 05:26:44.831603,0 days 00:38:40.167131,0.0006265415152357178,,0.6003706455230713,0.05043570678393966,COMPLETE,cifar100,sdlora,,,,,,
7,0.7998565953837222,2026-04-02 05:11:37.918739,2026-04-02 05:49:02.209915,0 days 00:37:24.291176,0.0014624629635316489,,0.6335681676864624,0.033854976919017926,COMPLETE,cifar100,sdlora,,,,,,
8,0.0899219128852108,2026-04-02 05:26:46.320203,2026-04-02 05:30:09.630645,0 days 00:03:23.310442,0.0005416600389960606,,,,PRUNED,cifar100,sdlora,,,,,,
9,0.08441708273760719,2026-04-02 05:30:10.873755,2026-04-02 05:33:32.025799,0 days 00:03:21.152044,0.0002097530611165521,,,,PRUNED,cifar100,sdlora,,,,,,
10,0.0874300342322303,2026-04-02 05:33:33.288677,2026-04-02 05:36:53.897583,0 days 00:03:20.608906,0.000347913097985593,,,,PRUNED,cifar100,sdlora,,,,,,
11,0.17322053939806834,2026-04-02 05:36:55.205679,2026-04-02 05:44:06.789993,0 days 00:07:11.584314,0.00907951408222653,,,,PRUNED,cifar100,sdlora,,,,,,
12,0.796279673601633,2026-04-02 05:44:08.032729,2026-04-02 06:23:13.330737,0 days 00:39:05.298008,0.0013740063174979967,,0.6283000111579895,0.03574066395472347,COMPLETE,cifar100,sdlora,,,,,,
13,0.7985894353989378,2026-04-02 05:49:04.038277,2026-04-02 06:26:43.080622,0 days 00:37:39.042345,0.0018959266154454247,,0.6448908448219299,0.047711974024054235,COMPLETE,cifar100,sdlora,,,,,,
14,0.4172285852783592,2026-04-02 06:23:14.852691,2026-04-02 06:42:10.521277,0 days 00:18:55.668586,0.003103191166809016,,,,PRUNED,cifar100,sdlora,,,,,,
15,0.2579099847845921,2026-04-02 06:26:44.582567,2026-04-02 06:37:32.273348,0 days 00:10:47.690781,0.003285370001218715,,,,PRUNED,cifar100,sdlora,,,,,,
16,0.2587563791401322,2026-04-02 06:37:33.500858,2026-04-02 06:48:17.160978,0 days 00:10:43.660120,0.0032997413063550864,,,,PRUNED,cifar100,sdlora,,,,,,
17,0.1751040027071496,2026-04-02 06:42:11.739619,2026-04-02 06:49:19.803175,0 days 00:07:08.063556,0.007358118366033607,,,,PRUNED,cifar100,sdlora,,,,,,
18,0.25649334781925437,2026-04-02 06:48:18.395456,2026-04-02 06:59:03.864282,0 days 00:10:45.468826,0.006507697087649092,,,,PRUNED,cifar100,sdlora,,,,,,
19,0.7877369316043186,2026-04-02 06:49:21.038954,2026-04-02 07:27:39.638466,0 days 00:38:18.599512,0.0018638132569582858,,0.6333105564117432,0.05783669320310605,COMPLETE,cifar100,sdlora,,,,,,
20,0.7935795808760189,2026-04-02 06:59:05.103670,2026-04-02 07:36:50.267176,0 days 00:37:45.163506,0.0016686762458920537,,0.6296120882034302,0.04245292645139227,COMPLETE,cifar100,sdlora,,,,,,
21,0.09046899966413981,2026-04-02 07:27:41.134319,2026-04-02 07:31:01.173416,0 days 00:03:20.039097,0.0007248083043274787,,,,PRUNED,cifar100,sdlora,,,,,,
22,0.17772766013112723,2026-04-02 07:31:02.459275,2026-04-02 07:38:11.052928,0 days 00:07:08.593653,0.0016671073927839778,,,,PRUNED,cifar100,sdlora,,,,,,
23,0.09090695298443272,2026-04-02 07:36:51.763495,2026-04-02 07:40:08.297334,0 days 00:03:16.533839,0.0008470836334233344,,,,PRUNED,cifar100,sdlora,,,,,,
24,0.09173410894922887,2026-04-02 07:38:12.350675,2026-04-02 07:41:30.002474,0 days 00:03:17.651799,0.0008979864307456032,,,,PRUNED,cifar100,sdlora,,,,,,
25,0.25560826948311494,2026-04-02 07:40:09.764954,2026-04-02 07:51:01.095918,0 days 00:10:51.330964,0.005204392963562905,,,,PRUNED,cifar100,sdlora,,,,,,
26,0.17651188879414592,2026-04-02 07:41:31.266519,2026-04-02 07:48:39.557985,0 days 00:07:08.291466,0.0050097712678577894,,,,PRUNED,cifar100,sdlora,,,,,,
27,0.7949515566240363,2026-04-02 07:48:40.794025,2026-04-02 08:26:58.511753,0 days 00:38:17.717728,0.002065567926490371,,0.6482738852500916,0.058370772002018956,COMPLETE,cifar100,sdlora,,,,,,
28,0.25992304600686567,2026-04-02 07:51:02.404572,2026-04-02 08:01:51.426753,0 days 00:10:49.022181,0.0023174526609113255,,,,PRUNED,cifar100,sdlora,,,,,,
29,0.7949536448243537,2026-04-02 08:01:52.657244,2026-04-02 08:39:14.289310,0 days 00:37:21.632066,0.0013619129450961813,,0.6241088509559631,0.03420156130725581,COMPLETE,cifar100,sdlora,,,,,,
30,0.09147175643380603,2026-04-02 08:27:00.126224,2026-04-02 08:30:18.683965,0 days 00:03:18.557741,0.0010619463418499726,,,,PRUNED,cifar100,sdlora,,,,,,
31,0.08863856561283649,2026-04-02 08:30:19.914125,2026-04-02 08:33:39.355205,0 days 00:03:19.441080,0.00045798490082980743,,,,PRUNED,cifar100,sdlora,,,,,,
32,0.09179799677981171,2026-04-02 08:33:40.599005,2026-04-02 08:36:57.819690,0 days 00:03:17.220685,0.0013047661610915773,,,,PRUNED,cifar100,sdlora,,,,,,
33,0.34015193836840696,2026-04-02 08:36:59.057127,2026-04-02 08:51:48.170195,0 days 00:14:49.113068,0.0016172951395656916,,,,PRUNED,cifar100,sdlora,,,,,,
34,0.17717848523105398,2026-04-02 08:39:16.010350,2026-04-02 08:46:12.902547,0 days 00:06:56.892197,0.001416093106097647,,,,PRUNED,cifar100,sdlora,,,,,,
35,0.3400701124658436,2026-04-02 08:46:14.194595,2026-04-02 09:00:46.210392,0 days 00:14:32.015797,0.0023360302322676706,,,,PRUNED,cifar100,sdlora,,,,,,
36,0.17560981788084673,2026-04-02 08:51:49.404655,2026-04-02 08:58:53.176533,0 days 00:07:03.771878,0.004125062577231538,,,,PRUNED,cifar100,sdlora,,,,,,
37,0.4961294530953666,2026-04-02 08:58:54.399607,2026-04-02 09:21:21.123483,0 days 00:22:26.723876,0.0023527081654681893,,,,PRUNED,cifar100,sdlora,,,,,,
38,0.09158492750088076,2026-04-02 09:00:47.435350,2026-04-02 09:04:02.748297,0 days 00:03:15.312947,0.0010446175022759455,,,,PRUNED,cifar100,sdlora,,,,,,
39,0.09097559785208317,2026-04-02 09:04:03.965415,2026-04-02 09:07:19.034066,0 days 00:03:15.068651,0.0007190868512026424,,,,PRUNED,cifar100,sdlora,,,,,,
40,0.07997454348314166,2026-04-02 09:07:20.310558,2026-04-02 09:10:32.471442,0 days 00:03:12.160884,0.00014082127252879086,,,,PRUNED,cifar100,sdlora,,,,,,
41,0.08872282802916975,2026-04-02 09:10:33.698751,2026-04-02 09:13:45.624984,0 days 00:03:11.926233,0.0004616725807726028,,,,PRUNED,cifar100,sdlora,,,,,,
42,0.7983733744831966,2026-04-02 09:13:46.845892,2026-04-02 09:51:22.851495,0 days 00:37:36.005603,0.0012607643365291717,,0.6262831687927246,0.0295364198263315,COMPLETE,cifar100,sdlora,,,,,,
43,0.17760383143759648,2026-04-02 09:21:22.371176,2026-04-02 09:28:28.760842,0 days 00:07:06.389666,0.0012694069186506435,,,,PRUNED,cifar100,sdlora,,,,,,
44,0.7943046521357744,2026-04-02 09:28:29.984910,2026-04-02 10:06:46.781002,0 days 00:38:16.796092,0.0012100230050179422,,0.6209238767623901,0.03231457249084131,COMPLETE,cifar100,sdlora,,,,,,
45,0.17741581749693006,2026-04-02 09:51:24.358916,2026-04-02 09:58:21.160908,0 days 00:06:56.801992,0.0029156572318131853,,,,PRUNED,cifar100,sdlora,,,,,,
46,0.17733749498515466,2026-04-02 09:58:22.392775,2026-04-02 10:05:16.499761,0 days 00:06:54.106986,0.001122550750331568,,,,PRUNED,cifar100,sdlora,,,,,,
47,0.09051657046258671,2026-04-02 10:05:17.733481,2026-04-02 10:08:31.188768,0 days 00:03:13.455287,0.0006098872656537288,,,,PRUNED,cifar100,sdlora,,,,,,
48,0.09173280993908531,2026-04-02 10:06:48.300200,2026-04-02 10:10:06.045259,0 days 00:03:17.745059,0.0008811524803581875,,,,PRUNED,cifar100,sdlora,,,,,,
49,0.09191193396770911,2026-04-02 10:08:32.402041,2026-04-02 10:11:47.469074,0 days 00:03:15.067033,0.000870399276865706,,,,PRUNED,cifar100,sdlora,,,,,,
50,0.34065194547694555,2026-04-02 10:10:07.261213,2026-04-02 10:24:50.285181,0 days 00:14:43.023968,0.001930959016843515,,,,PRUNED,cifar100,sdlora,,,,,,
51,0.33743137330340944,2026-04-02 10:11:48.705201,2026-04-02 10:26:07.164577,0 days 00:14:18.459376,0.0037785854393980597,,,,PRUNED,cifar100,sdlora,,,,,,
52,0.17796508772652808,2026-04-02 10:24:51.523548,2026-04-02 10:31:59.659801,0 days 00:07:08.136253,0.0014350087680365935,,,,PRUNED,cifar100,sdlora,,,,,,
53,0.09224062594284124,2026-04-02 10:26:08.383592,2026-04-02 10:29:21.744888,0 days 00:03:13.361296,0.0015396500727900464,,,,PRUNED,cifar100,sdlora,,,,,,
54,0.7991148877537486,2026-04-02 10:29:22.995046,2026-04-02 11:06:55.481619,0 days 00:37:32.486573,0.0013725492717829395,,0.633080005645752,0.034850230138254806,COMPLETE,cifar100,sdlora,,,,,,
55,0.797245157390064,2026-04-02 10:32:00.899325,2026-04-02 11:10:17.726799,0 days 00:38:16.827474,0.0018655011434415944,,0.6440709829330444,0.04958066815291652,COMPLETE,cifar100,sdlora,,,,,,
56,0.34111839518071374,2026-04-02 11:06:57.044438,2026-04-02 11:21:17.774049,0 days 00:14:20.729611,0.0025908742209679522,,,,PRUNED,cifar100,sdlora,,,,,,
57,0.5734293571931661,2026-04-02 11:21:18.802846,2026-04-02 11:48:30.359942,0 days 00:27:11.557096,0.001962901516675938,,,,PRUNED,cifar100,sdlora,,,,,,
58,,2026-04-02 11:48:31.404793,,,0.0017703618713862945,,,,RUNNING,cifar100,sdlora,,,,,,
0,0.7892697711512395,2026-04-01 17:28:07.428968,2026-04-01 18:07:11.582313,0 days 00:39:04.153345,0.0032492906714315347,0.09002954977323063,0.6265404224395752,0.048000880137096025,COMPLETE,cifar100,tball,,,,,,
1,0.7688963038684444,2026-04-01 18:07:13.149525,2026-04-01 18:46:20.143328,0 days 00:39:06.993803,0.001778096446001036,1.1212017133232153,0.589016854763031,0.05122424702614229,COMPLETE,cifar100,tball,,,,,,
2,0.6141738540177869,2026-04-01 18:46:21.394887,2026-04-01 19:25:32.628935,0 days 00:39:11.234048,0.00012396310180657981,1.9182488284068275,0.48956727981567383,0.2612195717801001,COMPLETE,cifar100,tball,,,,,,
3,0.7206066535229988,2026-04-01 19:25:33.862668,2026-04-01 20:04:37.032436,0 days 00:39:03.169768,0.007836980187065636,1.5623134456960468,0.5422571897506714,0.10104388270467375,COMPLETE,cifar100,tball,,,,,,
4,0.7550344240768948,2026-04-01 20:04:38.268521,2026-04-01 20:43:59.956100,0 days 00:39:21.687579,0.007239662684324621,1.0024882562106774,0.5769917964935303,0.06692294833974072,COMPLETE,cifar100,tball,,,,,,
5,0.07813067603360563,2026-04-01 20:44:01.259652,2026-04-01 20:47:56.306903,0 days 00:03:55.047251,0.00015110109893303592,0.9988860876431682,,,PRUNED,cifar100,tball,,,,,,
6,0.08796191381524274,2026-04-01 20:47:57.354525,2026-04-01 20:51:51.211375,0 days 00:03:53.856850,0.0025222096734725933,1.1062078049269612,,,PRUNED,cifar100,tball,,,,,,
7,0.07989807743649971,2026-04-01 20:51:52.257652,2026-04-01 20:55:46.762662,0 days 00:03:54.505010,0.00019194854123216236,1.2208146020987798,,,PRUNED,cifar100,tball,,,,,,
8,0.0864681560631148,2026-04-01 20:55:47.740383,2026-04-01 20:59:44.109772,0 days 00:03:56.369389,0.0008141683226795221,1.405103078972513,,,PRUNED,cifar100,tball,,,,,,
9,0.08736644272653556,2026-04-01 20:59:45.091429,2026-04-01 21:03:40.173264,0 days 00:03:55.081835,0.0014366827681247605,1.8326470539676694,,,PRUNED,cifar100,tball,,,,,,
10,0.08682942861839846,2026-04-01 21:03:41.162530,2026-04-01 21:07:34.723509,0 days 00:03:53.560979,0.0004139627182361158,0.021109341724890124,,,PRUNED,cifar100,tball,,,,,,
11,0.08841267396685293,2026-04-01 21:07:35.696048,2026-04-01 21:11:29.322877,0 days 00:03:53.626829,0.003028076363972295,0.6059751135067046,,,PRUNED,cifar100,tball,,,,,,
12,0.7955192144386452,2026-04-01 21:11:30.309005,2026-04-01 21:50:33.017374,0 days 00:39:02.708369,0.0032443546211453488,0.49475180650219786,0.6240609884262085,0.033022559548918216,COMPLETE,cifar100,tball,,,,,,
13,0.7744862582599144,2026-04-01 21:50:34.541817,2026-04-01 22:29:49.045660,0 days 00:39:14.503843,0.004687434071504128,0.10087087930314764,0.6235987544059753,0.07462623788614678,COMPLETE,cifar100,tball,,,,,,
14,0.08785592427356839,2026-04-01 22:29:50.275630,2026-04-01 22:33:50.646671,0 days 00:04:00.371041,0.0008356133940222319,0.38080316322535057,,,PRUNED,cifar100,tball,,,,,,
15,0.7860368055199587,2026-04-01 22:33:51.627859,2026-04-01 23:13:44.498959,0 days 00:39:52.871100,0.004100901601138926,0.6237155586720595,0.60457843542099,0.03250482438107271,COMPLETE,cifar100,tball,,,,,,
16,0.7863282620462269,2026-04-01 23:13:45.741827,2026-04-01 23:53:25.662303,0 days 00:39:39.920476,0.0016013253979490153,0.3359203636776831,0.6243564486503601,0.05169992455790655,COMPLETE,cifar100,tball,,,,,,
17,0.08675736524447968,2026-04-01 23:53:26.939733,2026-04-01 23:57:27.122771,0 days 00:04:00.183038,0.00042648332362588815,0.6244299887847073,,,PRUNED,cifar100,tball,,,,,,
18,0.2509001671262937,2026-04-01 23:57:28.188878,2026-04-02 00:09:26.344130,0 days 00:11:58.155252,0.009523767442091513,0.32739609007179016,,,PRUNED,cifar100,tball,,,,,,
19,0.17199197768457478,2026-04-02 00:09:27.328414,2026-04-02 00:17:25.747879,0 days 00:07:58.419465,0.0045959120396152995,0.8205958512379743,,,PRUNED,cifar100,tball,,,,,,
20,0.7977273633048569,2026-04-02 00:17:26.716775,2026-04-02 00:57:13.317083,0 days 00:39:46.600308,0.0031463289089529805,0.17841653060024482,0.6309185028076172,0.03546377619790319,COMPLETE,cifar100,tball,,,,,,
21,0.8003578256197641,2026-04-02 00:57:14.880764,2026-04-02 01:37:03.079342,0 days 00:39:48.198578,0.002627997673572936,0.1804000590512294,0.6351057291030884,0.03439007786356032,COMPLETE,cifar100,tball,,,,,,
22,0.8005274733583503,2026-04-02 01:37:04.736299,2026-04-02 02:16:54.110458,0 days 00:39:49.374159,0.0022193453268179865,0.2380672730088932,0.6327046155929565,0.03164966887625588,COMPLETE,cifar100,tball,,,,,,
23,0.7997335434892989,2026-04-02 02:16:55.722939,2026-04-02 02:56:56.379809,0 days 00:40:00.656870,0.0020062574702363195,0.21876529564907232,0.6297504305839539,0.030283343605356127,COMPLETE,cifar100,tball,,,,,,
24,0.08818317638150634,2026-04-02 02:56:57.613842,2026-04-02 03:00:55.122916,0 days 00:03:57.509074,0.0012961951840133492,0.802503601367979,,,PRUNED,cifar100,tball,,,,,,
25,0.0901874237017487,2026-04-02 03:00:56.103711,2026-04-02 03:04:53.690530,0 days 00:03:57.586819,0.0020644032900872015,0.21420157732421413,,,PRUNED,cifar100,tball,,,,,,
26,0.08938085494045975,2026-04-02 03:04:54.671671,2026-04-02 03:08:55.667310,0 days 00:04:00.995639,0.0009995787360134825,0.4569979082937615,,,PRUNED,cifar100,tball,,,,,,
27,0.08790995845776549,2026-04-02 03:08:56.649739,2026-04-02 03:12:56.863665,0 days 00:04:00.213926,0.0006962606952811727,0.26997215658274754,,,PRUNED,cifar100,tball,,,,,,
28,0.08226319112648534,2026-04-02 03:12:57.848670,2026-04-02 03:16:57.861118,0 days 00:04:00.012448,0.005383916553175619,0.7750402392671342,,,PRUNED,cifar100,tball,,,,,,
29,0.8031432231493605,2026-04-02 03:16:58.845731,2026-04-02 03:57:07.989543,0 days 00:40:09.143812,0.002226935866207209,0.00486127413711579,0.6374619007110596,0.031175454412338745,COMPLETE,cifar100,tball,,,,,,
30,0.0875588703971399,2026-04-02 11:10:33.324934,2026-04-02 11:14:32.571902,0 days 00:03:59.246968,0.0005748780483092063,0.008082534121980928,,,PRUNED,cifar100,tball,,,,,,
31,,2026-04-02 11:14:33.575560,,,0.0021732845492815358,0.1446929097290704,,,RUNNING,cifar100,tball,,,,,,
0,0.7517127243563622,2026-04-01 17:28:07.633326,2026-04-01 18:38:20.024831,0 days 01:10:12.391505,0.0019292734891804034,1.8181730760738792,0.5576779246330261,0.05425247592030176,COMPLETE,cifar100,tball-mnd,,,,,,
1,0.6535880000379611,2026-04-01 18:38:21.671533,2026-04-01 19:48:31.243572,0 days 01:10:09.572039,0.0001991426441741609,1.25632214665137,0.533719003200531,0.2265430031246088,COMPLETE,cifar100,tball-mnd,,,,,,
2,0.8014617449517063,2026-04-01 19:48:32.567838,2026-04-01 20:58:54.000800,0 days 01:10:21.432962,0.002255189727828408,0.035714034227002145,0.637898325920105,0.03497483601669228,COMPLETE,cifar100,tball-mnd,,,,,,
3,0.7586533322665084,2026-04-01 20:58:55.617006,2026-04-01 22:08:47.562088,0 days 01:09:51.945082,0.001485686717488961,1.0901461677516588,0.5935208201408386,0.07621415560782172,COMPLETE,cifar100,tball-mnd,,,,,,
4,0.6998670285018892,2026-04-01 22:08:48.872903,2026-04-01 23:18:44.737749,0 days 01:09:55.864846,0.0002867753580746142,0.011979302968864625,0.585852861404419,0.1861188044006405,COMPLETE,cifar100,tball-mnd,,,,,,
5,0.15887289559475273,2026-04-01 23:18:46.042732,2026-04-01 23:32:52.183391,0 days 00:14:06.140659,0.0007465078896311157,1.951213041919429,,,PRUNED,cifar100,tball-mnd,,,,,,
6,0.07871334237744143,2026-04-01 23:32:53.217432,2026-04-01 23:39:51.908336,0 days 00:06:58.690904,0.00015134495700752152,1.3394680218987414,,,PRUNED,cifar100,tball-mnd,,,,,,
7,0.1615286601864921,2026-04-01 23:39:52.977491,2026-04-01 23:53:58.023207,0 days 00:14:05.045716,0.0022511618066418573,1.6039822602080709,,,PRUNED,cifar100,tball-mnd,,,,,,
8,0.07763178690758041,2026-04-01 23:53:59.121789,2026-04-02 00:00:56.713425,0 days 00:06:57.591636,0.007878223092454357,1.8788330988623714,,,PRUNED,cifar100,tball-mnd,,,,,,
9,0.07729792037390933,2026-04-02 00:00:57.734275,2026-04-02 00:07:52.583298,0 days 00:06:54.849023,0.00014684354955802576,1.7887267366761603,,,PRUNED,cifar100,tball-mnd,,,,,,
10,0.6759656275572237,2026-04-02 00:07:53.613710,2026-04-02 01:11:05.527883,0 days 01:03:11.914173,0.007276840384051502,0.21997759213027268,,,PRUNED,cifar100,tball-mnd,,,,,,
11,0.7568270903587138,2026-04-02 01:11:06.568460,2026-04-02 02:21:19.603318,0 days 01:10:13.034858,0.0011047956703946647,0.6353280961922473,0.6008294224739075,0.08717524175647981,COMPLETE,cifar100,tball-mnd,,,,,,
12,0.7888872513116723,2026-04-02 02:21:20.901826,2026-04-02 03:32:01.110387,0 days 01:10:40.208561,0.0033016427423288816,0.7819206391965556,0.6153027415275574,0.03752823890421274,COMPLETE,cifar100,tball-mnd,,,,,,
13,0.7712250508431151,2026-04-02 03:32:02.427038,2026-04-02 04:43:06.216078,0 days 01:11:03.789040,0.0040667799653766315,0.6071969641964502,0.5901018977165222,0.047651796030292126,COMPLETE,cifar100,tball-mnd,,,,,,
14,0.08283390911869681,2026-04-02 04:43:07.595637,2026-04-02 04:50:11.352321,0 days 00:07:03.756684,0.0006073118901625735,0.5948614241527056,,,PRUNED,cifar100,tball-mnd,,,,,,
15,0.7913996991801315,2026-04-02 04:50:12.377887,2026-04-02 06:01:14.403563,0 days 01:11:02.025676,0.0034416836651199605,0.33381569698676344,0.6160061359405518,0.033206737580288706,COMPLETE,cifar100,tball-mnd,,,,,,
16,0.7827355916576636,2026-04-02 06:01:15.697813,2026-04-02 07:11:14.465519,0 days 01:09:58.767706,0.00459101221930103,0.29409590025489757,0.6229485869407654,0.057477403625438184,COMPLETE,cifar100,tball-mnd,,,,,,
17,0.16468627155450832,2026-04-02 07:11:15.769028,2026-04-02 07:25:15.647235,0 days 00:13:59.878207,0.0004096737065726255,0.006842148471951651,,,PRUNED,cifar100,tball-mnd,,,,,,
18,0.7968505998056461,2026-04-02 07:25:16.674649,2026-04-02 08:35:52.194648,0 days 01:10:35.519999,0.0027261192124756173,0.31873658411870026,0.6307598948478699,0.03705869523657762,COMPLETE,cifar100,tball-mnd,,,,,,
19,0.16816470331160546,2026-04-02 08:35:53.492963,2026-04-02 08:49:55.816435,0 days 00:14:02.323472,0.001144181509141607,0.44003702102052084,,,PRUNED,cifar100,tball-mnd,,,,,,
20,0.0863560699167247,2026-04-02 08:49:56.834931,2026-04-02 08:56:52.814032,0 days 00:06:55.979101,0.0022322899010471433,0.8808742403685792,,,PRUNED,cifar100,tball-mnd,,,,,,
21,0.7938033804814454,2026-04-02 08:56:53.836341,2026-04-02 10:07:11.192873,0 days 01:10:17.356532,0.003438257042496632,0.22883959085473163,0.6342483758926392,0.046641614929748346,COMPLETE,cifar100,tball-mnd,,,,,,
22,0.7748438842116945,2026-04-02 10:07:12.493212,2026-04-02 11:17:45.747066,0 days 01:10:33.253854,0.005281147179137094,0.19909969165834185,,,PRUNED,cifar100,tball-mnd,,,,,,
23,,2026-04-02 11:17:46.778104,2026-04-02 15:49:26.372892,0 days 04:31:39.594788,0.002551580898319967,0.16889491380625918,,,FAIL,cifar100,tball-mnd,,,,,,
24,,2026-04-02 11:37:20.495443,2026-04-02 15:49:24.868851,0 days 04:12:04.373408,0.0028775231954296654,0.10914116923639607,,,FAIL,cifar100,tball-mnd,,,,,,
25,0.7971917374251971,2026-04-02 11:57:05.605431,2026-04-02 13:07:17.568632,0 days 01:10:11.963201,0.0025102888057325573,0.12446163920362316,0.6306463479995728,0.0362628731491786,COMPLETE,cifar100,tball-mnd,,,,,,
26,0.7996910101993085,2026-04-02 11:57:20.703817,2026-04-02 13:10:07.546609,0 days 01:12:46.842792,0.002771524528654813,0.14938321460888515,0.6373574733734131,0.03797545297479599,COMPLETE,cifar100,tball-mnd,,,,,,
27,0.8015509031611799,2026-04-02 13:07:19.224189,2026-04-02 14:18:29.424250,0 days 01:11:10.200061,0.0015384585672970463,0.07422551852332118,0.6375746130943298,0.03447280677197,COMPLETE,cifar100,tball-mnd,,,,,,
28,0.799399160597956,2026-04-02 13:10:09.179383,2026-04-02 14:23:27.541539,0 days 01:13:18.362156,0.0015303617515713245,0.08013566902375668,0.6276836395263672,0.028885318330455118,COMPLETE,cifar100,tball-mnd,,,,,,
29,0.08759033340295,2026-04-02 14:18:31.607885,2026-04-02 14:25:33.214692,0 days 00:07:01.606807,0.0014796990738798026,0.45315721574906365,,,PRUNED,cifar100,tball-mnd,,,,,,
30,0.0858788527236692,2026-04-05 11:02:52.272676,2026-04-05 11:09:38.494617,0 days 00:06:46.221941,0.0007946209991796726,0.42413237894127365,,,PRUNED,cifar100,tball-mnd,,,,,,
31,0.4868432697107762,2026-04-05 11:09:39.904292,2026-04-05 11:49:47.051788,0 days 00:40:07.147496,0.005893314765187487,0.11928236284738983,,,PRUNED,cifar100,tball-mnd,,,,,,
