dataset,method,run_id,n_tasks,accuracy_all_avg,accuracy_seen_avg,accuracy_final,forward_transfer,backward_transfer,ece_all_avg,ece_seen_avg,ece_final,ace_all_avg,ace_seen_avg,ace_final,sce_all_avg,sce_seen_avg,sce_final,brier_all_avg,brier_final,duration_s
cifar100,ball,00,10,0.3139299750328064,0.6375824213027954,0.5006999969482422,0.0,-0.13566666841506958,0.28930309986121955,0.04586159138228448,0.04761969245523215,0.009015250439099527,0.00011214052034667899,0.00010987401402695128,0.007909711663818358,0.0008663091634159998,0.0008769085998535163,0.967268589129642,0.6451799154839957,3003.21091679018
cifar100,ball,01,10,0.31929999589920044,0.6459277868270874,0.5090000033378601,0.0,-0.13215555250644684,0.29052895971894266,0.04608097084606923,0.055605560970306396,0.009019513761184253,0.00012545794923980133,0.000211363385616569,0.007949302709960937,0.0008483038894547357,0.0010392608947753902,0.9629960721112768,0.6387645401379465,2984.101573532447
cifar100,ball,02,10,0.3243899941444397,0.651923418045044,0.523699939250946,0.0,-0.12557777762413025,0.27501470268744976,0.03594221908167656,0.032728151478245864,0.009010664906187385,0.00010038080189623776,0.00010204421781375889,0.007754912350463867,0.0006558702830738492,0.0006060337524414067,0.9479032876547111,0.6231036553186681,2963.0883301673457
cifar100,ball,03,10,0.3158800005912781,0.6373568773269653,0.5056000351905823,0.0,-0.12646666169166565,0.288994543818757,0.04849118354189136,0.04666119234189393,0.009025597601471137,0.00017483608533909364,0.00019660214052558795,0.007952222250366212,0.0008916639379077485,0.0008671260375976557,0.9649618610150771,0.6369581839924627,3000.612131886184
cifar100,ball,04,10,0.31891000270843506,0.642433226108551,0.5085999965667725,0.0,-0.1275777816772461,0.28301113838944586,0.04282751298912446,0.04582524574398993,0.009007972607436774,8.860343003195401e-05,9.600614623818529e-05,0.007812073120117185,0.000763099376062363,0.000847740447998047,0.9600852502181662,0.6375832691029656,2997.465305767022
cifar100,clora,00,10,0.3039100170135498,0.6237533688545227,0.46929997205734253,0.0,-0.31308889389038086,0.25536042945370074,0.028501302004092864,0.03910624287128449,0.00902449189750406,0.000176216878034022,0.0004328884197212768,0.007357502642822267,0.0005708220359635732,0.0007927489013671877,0.9529993678245837,0.680869290653127,2044.2342981509864
cifar100,clora,01,10,0.3043400049209595,0.6274675130844116,0.4618000090122223,0.0,-0.3081111013889313,0.2507030448964238,0.02701747121334195,0.03398230750262737,0.009022573975187003,0.0002194597186984494,0.0004227046232223525,0.0073212946411132795,0.000580071806567056,0.0006841878967285155,0.9523301709366224,0.6820609465139996,2076.5796285988763
cifar100,clora,02,10,0.30257001519203186,0.6237444281578064,0.47040000557899475,0.0,-0.3087333142757416,0.2579699842696637,0.029265209084922778,0.03020086621791124,0.00902005393105419,0.00019543319087747085,0.00037317933840304665,0.007405507263183593,0.0005231469639066667,0.0007046042480468753,0.9590176233409704,0.6735448618105494,2090.910778487101
cifar100,clora,03,10,0.3063899874687195,0.6281027793884277,0.4788999557495117,0.0,-0.3114444613456726,0.25920518638510265,0.02585920730627466,0.028421580988168726,0.009033066851667089,0.00016535450259948752,0.0004867635337002583,0.007429090585327149,0.00048853685383721,0.000597896942138672,0.9551187341905175,0.6662054607720673,2079.8401662083343
cifar100,clora,04,10,0.3031100034713745,0.6286383867263794,0.4691999852657318,0.0,-0.3236444592475891,0.2597789969846606,0.027841243828350588,0.029578612482547752,0.009025073661436924,0.00013565086588339468,0.00038037639329209993,0.007489374758911133,0.000507395636622111,0.0007042421264648437,0.9594984116668959,0.6778827531288093,2037.3703163536265
cifar100,ewc,00,10,0.2082500010728836,0.4733007848262787,0.2710999846458435,0.0,-0.5589777827262878,0.24103663923449817,0.05520385707570445,0.10959435937404632,0.009104149254045683,0.0003033995858421501,0.0012987607471942907,0.007174042425537108,0.0010730507201754857,0.002322512786865235,1.0188998290480018,0.8954259950676998,2221.145893091336
cifar100,ewc,01,10,0.21156999468803406,0.4792320728302002,0.27880001068115234,0.0,-0.5561999678611755,0.24469988065928222,0.05769775332427214,0.10654466567039489,0.009058262597529895,0.00028990427534011985,0.0006907082523703574,0.007216226697540283,0.0011085688107626778,0.002156924751281738,1.0189481806415972,0.8867630967931164,2281.0626736101694
cifar100,ewc,02,10,0.2058900147676468,0.47096356749534607,0.2826000154018402,0.0,-0.5662000179290771,0.2427827680519968,0.05989579673912317,0.10316518158912656,0.009073357940671057,0.0003809781964319742,0.0008264463151693349,0.007224174630737304,0.0012345819127885123,0.002086499038696289,1.0192241824744226,0.8753874328104692,2294.7487442079
cifar100,ewc,03,10,0.2101300060749054,0.4780300259590149,0.2818000018596649,0.0,-0.5619555711746216,0.24206196032643318,0.06087413500431984,0.11588046448230743,0.00907199782204919,0.0003871252920357484,0.0009668978528082372,0.007252299151611329,0.0012122673810096014,0.002383678421020508,1.0189778022923222,0.8884601023597224,2302.836009903811
cifar100,ewc,04,10,0.20688998699188232,0.4741303324699402,0.2651999890804291,0.0,-0.5682888627052307,0.24470348347570745,0.05952235206390362,0.1397515424013138,0.009121779675736233,0.0003832710824612041,0.0013537887007892139,0.007381129359436034,0.001213287927839491,0.0028737176208496096,1.0192214720127846,0.9024359906765324,2235.2524243900552
cifar100,inflora,00,10,0.2641700208187103,0.559007465839386,0.40139999985694885,0.0,-0.4285111427307129,0.22038985691804439,0.029685323515082636,0.047048949646949764,0.009018673399922298,0.0004094413209774548,0.0004452651546299463,0.006778418347167968,0.0007433731621969313,0.0008062841644287111,0.967991195148066,0.761052226502983,1985.7203697389923
cifar100,inflora,01,10,0.26315999031066895,0.5606305599212646,0.38819998502731323,0.0,-0.42275550961494446,0.22286451073229313,0.0350522918232353,0.044209447121620164,0.009071058498680357,0.0005255491247622848,0.0009596904080659159,0.0068255651565551755,0.0008803303773274498,0.0010250984954833986,0.9700832074945701,0.7663620252260306,1944.3222856190987
cifar100,inflora,02,10,0.2591699957847595,0.5549726486206055,0.3831000030040741,0.0,-0.433377742767334,0.2245402375458181,0.037134959186101484,0.03627583993077277,0.009023715071185542,0.0005056591044033905,0.0004991527688503266,0.006754308738708498,0.0008981003984602669,0.0006852495727539062,0.9746458791357752,0.7703559676195703,1966.660087255761
cifar100,inflora,03,10,0.25960999727249146,0.5593954920768738,0.36719995737075806,0.0,-0.4280666410923004,0.2216796744907647,0.03146110732018711,0.053734363162517534,0.009017139945393358,0.00044672553594927495,0.00043070053264498737,0.0067928479934692395,0.0008164292693910146,0.000939911437988281,0.9715408521057496,0.7852882705921957,1936.7483769310638
cifar100,inflora,04,10,0.26050999760627747,0.5575019121170044,0.39410001039505005,0.0,-0.43406668305397034,0.2185026467734575,0.03222122806002105,0.04123995691537857,0.00906474351520238,0.0005860617191163441,0.0008904722707718613,0.006725771548461915,0.0008435486185104128,0.0009116431121826171,0.9716521091393562,0.7640107700209012,1980.2242248137482
cifar100,lora,00,10,0.14763998985290527,0.3844740688800812,0.14429999887943268,0.0,-0.731333315372467,0.3120504491084814,0.1463556087003601,0.28908226442337037,0.010151082642730302,0.002028219271443167,0.005714602957069874,0.008553792845153807,0.003015566611886403,0.006071394332885743,1.0957174917916208,1.080449978254033,1786.3083851151168
cifar100,lora,01,10,0.15568998456001282,0.3995244801044464,0.14959999918937683,0.0,-0.7190222144126892,0.30996064849987626,0.14414246644232245,0.30744212503433227,0.01007931225265884,0.0020064369557175406,0.0056971091162860395,0.008595038505554198,0.002984194614210583,0.006424309661865234,1.0914198374040769,1.0831862757933284,1781.569467572961
cifar100,lora,02,10,0.1475299894809723,0.38536351919174194,0.15160001814365387,0.0,-0.7322222590446472,0.3143602646744624,0.1505798106628003,0.30335339736938477,0.010242290287383205,0.0022658524591976253,0.005705783644586801,0.008710077926635742,0.003198589478380718,0.006519237274169921,1.0967387310171444,1.0769900621812936,1794.0302031282336
cifar100,lora,03,10,0.14799000322818756,0.3878706395626068,0.14959999918937683,0.0,-0.7342000603675842,0.3166966256203503,0.15098173868208414,0.2947913324832916,0.010377066213366669,0.0024538405560644277,0.006063266629457474,0.00880175146484375,0.00321678428078606,0.006544951034545899,1.0981886120154043,1.0693172026612248,1758.193061648868
cifar100,lora,04,10,0.15320999920368195,0.3951258957386017,0.15530000627040863,0.0,-0.7167333960533142,0.3092500472896546,0.14039595657706497,0.28863893790245054,0.010068349872447598,0.0018282122222213295,0.005512461323797703,0.008555825639343262,0.0028897566614151,0.006255211456298827,1.0890848294953799,1.0637517287042615,1794.5502460640855
cifar100,rwalk,00,10,0.3150600492954254,0.6368818879127502,0.5069000124931335,0.0,-0.08340000361204147,0.3997340884795785,0.14939639980463754,0.1723199584007263,0.00947242718670172,0.0006402326545764607,0.0013441115577396412,0.00974251524963379,0.0029948690578521244,0.003586248504638671,1.0427186342563486,0.6851615751112495,3431.915805015713
cifar100,rwalk,01,10,0.319240003824234,0.644589900970459,0.5135999917984009,0.0,-0.09171111136674881,0.41049681148082023,0.15698258766336573,0.19648795448541642,0.009587100528707912,0.0007226176238378634,0.001457932121367637,0.009977458871459961,0.0031523093722812716,0.00409766815185547,1.047491310033745,0.6939093174249249,3433.178520516958
cifar100,rwalk,02,10,0.3252300024032593,0.6548662781715393,0.5101000070571899,0.0,-0.1005111038684845,0.39039803112372756,0.1398634282878538,0.20706122888028622,0.009484593152794632,0.0006164913703025153,0.0015877297594232701,0.009677906488037109,0.002827381712370827,0.004328902557373047,1.0210806523734548,0.7013992880433497,3380.214156014845
cifar100,rwalk,03,10,0.3253900408744812,0.659192681312561,0.5122000575065613,0.0,-0.11544445157051086,0.37834594929233195,0.12253868527554805,0.17369274989366532,0.009437607037916433,0.000575434975398697,0.0016170664011942852,0.00944938703918457,0.0024546177609844812,0.0036537211914062506,1.0141957268543722,0.6804258819199628,3432.6887687668204
cifar100,rwalk,04,10,0.3295300006866455,0.6661185026168823,0.5121000409126282,0.0,-0.09315555542707443,0.3869147227038443,0.12647426438375242,0.20035192151069642,0.009410920871955542,0.0005333736557375479,0.0015024738904722665,0.009578176733398436,0.0025442062268552323,0.004087807037353516,1.0154628220071156,0.6879987475395416,3458.0097761373036
cifar100,sdlora,00,10,0.31746000051498413,0.633708655834198,0.5192000269889832,0.0,-0.17577776312828064,0.2619679587005078,0.03148720605551961,0.038847275577485546,0.00902016422526769,0.00013136665369075214,0.00019854967262735514,0.007679816769409179,0.0005990881576144508,0.0008188836975097656,0.9367347229629029,0.6199117617851023,2396.7144988472573
cifar100,sdlora,01,10,0.32124000787734985,0.6424102783203125,0.5184000730514526,0.0,-0.16511113941669464,0.26530028057664634,0.03383773303153968,0.040026516532897946,0.009016101243975342,0.00015721189364584183,0.00019192624549823882,0.007733531246948244,0.0006449008360605392,0.0007912279357910157,0.9378785832100173,0.6213567764665675,2411.0747838779353
cifar100,sdlora,02,10,0.32130998373031616,0.6419716477394104,0.5205999612808228,0.0,-0.1664888858795166,0.2628002996248007,0.0336245273213266,0.03633801538199186,0.00901789640297255,0.00011491937716468154,0.00019012302922597212,0.0076986906494140635,0.0006392347426671831,0.0007278845520019531,0.9375875835057446,0.6267347157884027,2388.588430917822
cifar100,sdlora,03,10,0.31679999828338623,0.6323636770248413,0.5183999538421631,0.0,-0.1572222113609314,0.27028861341461535,0.03988170737162883,0.04358597023822368,0.009051514323659648,0.0002235490106077501,0.0003793109046434976,0.00787643348388672,0.0007878129196530297,0.0009579858703613283,0.9439939233196635,0.6273822288282608,2383.8697970900685
cifar100,sdlora,04,10,0.31387001276016235,0.6296710968017578,0.504800021648407,0.0,-0.17388887703418732,0.2711982729778438,0.0388902648594869,0.06141640970781445,0.009042034253128746,0.00015048316617417075,0.00032395280461781743,0.007794534402465821,0.0007488646876743861,0.0012211368408203125,0.9479984967793419,0.6480757018498454,2391.2530572749674
cifar100,tball,00,10,0.32266998291015625,0.6365813612937927,0.5316000580787659,0.0,-0.17275555431842804,0.24404163001034407,0.026479870076658474,0.031256673198938385,0.008997745732386995,0.00012119014792259515,8.517219575913655e-05,0.00733091785583496,0.0005459536497933524,0.0005476772766113282,0.9198816312798336,0.5967402198574262,2517.07523832703
cifar100,tball,01,10,0.32547998428344727,0.6445158123970032,0.5315999984741211,0.0,-0.17580001056194305,0.24601486461035912,0.031439416015772596,0.043339783096313485,0.009009933835841748,0.00012080736346462078,0.0002215614642074796,0.007376706182861329,0.0006004293776860313,0.000834938995361328,0.9201860578332228,0.6123877076851937,2502.5254596490413
cifar100,tball,02,10,0.33077001571655273,0.6524296998977661,0.541700005531311,0.0,-0.16695556044578552,0.23549153261136263,0.026677376795775372,0.03422515583038332,0.008997792135519366,0.00014402697518147152,9.465798419341382e-05,0.007228053585815429,0.0005554654549068877,0.0006434293518066409,0.9075230129356362,0.5981424193923345,2530.016406086739
cifar100,tball,03,10,0.32582002878189087,0.6433197259902954,0.5449000000953674,0.0,-0.16366666555404663,0.24476200091809033,0.027919241766903607,0.02167337093353272,0.008998882039000523,8.379875831477526e-05,7.626615986181404e-05,0.0073779136383056625,0.0005484159100577944,0.0004248461608886719,0.9187541357874973,0.5916261700125993,2504.2249593562447
cifar100,tball,04,10,0.3283900022506714,0.6487045288085938,0.5334000587463379,0.0,-0.17057780921459198,0.23547332474637778,0.027595344877282657,0.03786844602413477,0.009005808359368352,0.0001475822155910105,0.00016043445918196802,0.007242993377685547,0.0005768103594764831,0.0007110053405761723,0.9132722750409952,0.6057503930755548,2550.361732772086
cifar100,tball-mnd,00,10,0.32322001457214355,0.6374640464782715,0.538100004196167,0.0,-0.16500000655651093,0.21449071910329165,0.03051016873501595,0.018468311882019042,0.009029194568359994,0.00033089904992607787,0.00046791556456778224,0.006890097933959961,0.0007880876258910648,0.0006509561462402343,0.9041807463107563,0.5968095420994343,4306.835729768965
cifar100,tball-mnd,01,10,0.32607001066207886,0.6435846090316772,0.5368000268936157,0.0,-0.15511110424995422,0.21579553079243746,0.03629537270748678,0.02601104412078855,0.009004156608363649,0.00025703982539336523,0.0002528912891298517,0.006918228924560547,0.0007811820705232166,0.0005337665405273435,0.9042109414885882,0.6045046769192921,4266.557848243974
cifar100,tball-mnd,02,10,0.33044999837875366,0.6505042314529419,0.5472999811172485,0.0,-0.14955554902553558,0.20975755224287512,0.039101725027037286,0.025815118075907233,0.009029360231234976,0.0003748064760663749,0.0004703506885562099,0.006819284484863281,0.0008926991609906395,0.0006517367248535157,0.8961734975051805,0.5947105989775601,4303.7679593432695
cifar100,tball-mnd,03,10,0.3278999924659729,0.645175576210022,0.5478999614715576,0.0,-0.15026666224002838,0.21150006017714737,0.0346893767236389,0.020899147100374108,0.00903227868220257,0.0003261538771004386,0.0004980183024909358,0.0068464129364013675,0.0008257462898496598,0.0005581198425292969,0.9001820187809418,0.5875990332687144,4258.926963340025
cifar100,tball-mnd,04,10,0.32802003622055054,0.645323634147644,0.5376999974250793,0.0,-0.15453332662582397,0.2077325240625069,0.03751834232982928,0.019697830879688256,0.009030386837042584,0.0004189040412234643,0.0004949647504370665,0.006770272842407226,0.0009005883001539444,0.0006684093322753905,0.899264255295947,0.6000535544388823,4622.038588916883
core50,ball,00,10,0.2552858889102936,0.532753050327301,0.37105587124824524,0.0,-0.22588136792182922,0.36899000290751455,0.12458040032599471,0.1569317748069763,0.019670785143422916,0.003446221602929172,0.005580517169244588,0.018750530334472652,0.005115918599197326,0.006528168273925782,1.0951946298226987,0.8240241494590514,6945.404106701259
core50,ball,01,10,0.24741172790527344,0.5244829058647156,0.34407564997673035,0.0,-0.18981927633285522,0.38708003116846085,0.1379934918226048,0.18357157154083253,0.0198858521338708,0.003694992504559838,0.0061945294351466,0.019193889324951172,0.005527209210650851,0.007331283691406249,1.1166278306166084,0.8626198898223407,6579.233831387013
core50,ball,02,10,0.2638092637062073,0.5447281002998352,0.3854873776435852,0.0,-0.16988299787044525,0.36099880090177056,0.11199430943085562,0.12937539730072023,0.01950402212664768,0.0032022777152744854,0.0045326991698779176,0.018485319195556644,0.004529595650674007,0.005246296997070313,1.0912853048784,0.8093391418899355,6581.147086249199
core50,ball,03,10,0.24149969220161438,0.5113064050674438,0.34195905923843384,0.0,-0.1783510446548462,0.39170003259517255,0.1528366347669109,0.19690211546048522,0.020143566785650307,0.004204047798437402,0.006488759138934316,0.019427869201660154,0.006108219585212947,0.007909222717285155,1.1255358334111467,0.878031980971762,6600.680331534706
core50,ball,04,10,0.24799378216266632,0.5137696862220764,0.38145360350608826,0.0,-0.14774958789348602,0.38294316550880664,0.14269944040420907,0.1310500654220581,0.01966034411631456,0.0037200211859197948,0.004458096220124514,0.01896471514282226,0.005633530998700533,0.005261539123535156,1.1187347065829816,0.8202566697759863,6582.07530937111
core50,clora,00,10,0.21065685153007507,0.4511778950691223,0.3190663158893585,0.0,-0.1721096932888031,0.43085563897430895,0.21393553025084627,0.21265716052055358,0.021483748204669778,0.006378980761926017,0.00875378277478693,0.0212145213470459,0.008872395837552324,0.009305592529296875,1.177205277666864,0.8931275181031677,4645.366731866263
core50,clora,01,10,0.2360043078660965,0.49523940682411194,0.346651554107666,0.0,-0.15906155109405518,0.39618032213121657,0.16343974439432093,0.1741947687149048,0.020232787026219855,0.004637532500340181,0.007281280081171543,0.01981500019226074,0.006779931442612297,0.007647310119628905,1.1337860429681519,0.8522123819554228,4537.617361087818
core50,clora,02,10,0.22845974564552307,0.48899683356285095,0.3471532464027405,0.0,-0.17971335351467133,0.4184161204910278,0.19056028221639326,0.19116165056228637,0.020742648122114772,0.0051948227848097085,0.007632840661814903,0.02038566414794922,0.007749181564508913,0.008480602966308592,1.1537603869220394,0.8615144283009911,4583.1243434879
core50,clora,03,10,0.2212686538696289,0.47578930854797363,0.3258435130119324,0.0,-0.15512363612651825,0.41853777413241566,0.19987548575824843,0.21223370537757874,0.02086531331249828,0.005447363495179916,0.007892182510318235,0.020422077810668942,0.007970988280274502,0.008538812133789061,1.1582356344991902,0.890433131743985,4518.563500640914
core50,clora,04,10,0.24260596930980682,0.5053890347480774,0.3815773129463196,0.0,-0.1620565950870514,0.41210365379631525,0.17736079373484098,0.17366802554130556,0.020570496900262934,0.00495541838415355,0.0070207599394810395,0.020094515829467773,0.0072205182939578,0.007530232177734375,1.1410707010774075,0.8262568803902625,4546.027283537202
core50,ewc,00,10,0.12436485290527344,0.32404473423957825,0.08833275735378265,0.0,-0.6933748126029968,0.3830119557489454,0.21688474226224588,0.38319332271814344,0.02310770718514594,0.009794171953439918,0.020643748966634276,0.02188112710342407,0.010689126857242713,0.020271287170410154,1.1750370314125953,1.1901687642259093,5090.915814938955
core50,ewc,01,10,0.1387253850698471,0.3526073694229126,0.12676779925823212,0.0,-0.7038100957870483,0.3695138753645122,0.19584318867886805,0.3469948019474745,0.022732505612593074,0.00934883926365546,0.018244708784759048,0.02137936281967163,0.009844504959954823,0.01780800219726562,1.155092133721464,1.1432796344159497,5012.093593112193
core50,ewc,02,10,0.13409094512462616,0.3569432199001312,0.1113191470503807,0.0,-0.7232985496520996,0.36543614172995087,0.18780983621148917,0.35225159172862774,0.02259531026371312,0.008962425646061638,0.01729543074667454,0.02110333910598755,0.009532060241625733,0.017032079467773433,1.1482021665749476,1.1489921646460537,5157.318730327301
core50,ewc,03,10,0.12319256365299225,0.3326791226863861,0.08545765280723572,0.0,-0.7268673181533813,0.39739174916259945,0.23265722783160672,0.3309328617453575,0.023864604434589393,0.010866671237828335,0.016818817621707918,0.022415718646240233,0.011484943021643138,0.0164250715637207,1.183983410273195,1.134870362234714,5058.048891892191
core50,ewc,04,10,0.11629781872034073,0.3246597945690155,0.09374566376209259,0.0,-0.762121856212616,0.3786217573308945,0.20760433090018865,0.28565350658893585,0.02320371677117953,0.0099338700038424,0.01489172878789902,0.021725520461273195,0.010670464368308756,0.01442972319030762,1.1738918875694244,1.0938077034404137,5138.8156163604
core50,inflora,00,10,0.18586181104183197,0.4353155493736267,0.18429014086723328,0.0,-0.5962652564048767,0.3148026894780248,0.11911582488325922,0.2188197855196893,0.020636031871737914,0.005021580706020336,0.011610614542007444,0.018752062564086916,0.005703803514499076,0.011571828399658203,1.0850387959272632,1.0070830965750062,4141.607105304021
core50,inflora,01,10,0.1783687025308609,0.4185478091239929,0.1968287229537964,0.0,-0.6152363419532776,0.32146510214686397,0.1353503205281263,0.20914359151199463,0.020683978782676537,0.00601877236746224,0.009753925793409349,0.01915943540649414,0.0066312500903653775,0.009769730590820312,1.0899903404044722,0.9839724207737665,4230.4794262629
core50,inflora,02,10,0.17447999119758606,0.4115065038204193,0.19285061955451965,0.0,-0.6069831848144531,0.346812897785306,0.1543437633640545,0.23339973347783088,0.021508270547066725,0.006645150735012484,0.01213578539633751,0.020114549754333497,0.007501467838825477,0.012077485931396483,1.1133522138613112,1.011510730089427,4158.341798257083
core50,inflora,03,10,0.17514356970787048,0.421647846698761,0.16837367415428162,0.0,-0.6047583818435669,0.3240925460962206,0.13047180424736501,0.23406741930618882,0.020478593574775012,0.005075669059178491,0.010367171342849731,0.018755403292846678,0.005874752663230691,0.010662630432128907,1.0961834242474875,1.0225530412675166,4145.665965917986
core50,inflora,04,10,0.18476620316505432,0.4353480339050293,0.20728699862957,0.0,-0.5595020651817322,0.3136737226376682,0.11598260392579529,0.17596236387193204,0.020181206555879676,0.004832718962380157,0.008749637835502626,0.018581306158447268,0.005511091304025874,0.008799322570800782,1.0843309518204038,0.9598363219391413,4166.899018737953
core50,lora,00,10,0.1066841259598732,0.2977624535560608,0.07470222562551498,0.0,-0.7880160212516785,0.42575609587699176,0.2692149116407363,0.45629617526531224,0.024899419009938514,0.012448588280779669,0.023346107934027915,0.023478450631713867,0.013145792208647583,0.02199267193603515,1.2206013109580132,1.2668543916490467,3882.1225160090253
core50,lora,01,10,0.11034353822469711,0.3115271031856537,0.07908305525779724,0.0,-0.7897047996520996,0.4390184890269488,0.27828998954194367,0.5308217212557792,0.02538200927280402,0.012830270043048347,0.024506788064032795,0.023895238940429685,0.013226307469837596,0.023963383697509763,1.2307460898398241,1.340784089376204,3973.801921433769
core50,lora,02,10,0.11505801975727081,0.3269914388656616,0.07049611955881119,0.0,-0.818810760974884,0.41445906974554053,0.24612096708251455,0.46356039420366285,0.024389980105735315,0.011574626750337864,0.021029888697266578,0.022684667306518552,0.011971859690891437,0.020459609069824216,1.2012578090158335,1.2678183911965673,3896.611217481084
core50,lora,03,10,0.10807816684246063,0.30646398663520813,0.07429233193397522,0.0,-0.7903469800949097,0.4372807327681779,0.28643711587673665,0.4250580633416772,0.026025758576305215,0.013644086261832795,0.02402857038098574,0.024091267742919927,0.01404440094939915,0.022609478332519528,1.2294027891574548,1.2460427390735018,3906.5454474329017
core50,lora,04,10,0.10848657041788101,0.3130800724029541,0.08117668330669403,0.0,-0.8271691799163818,0.4181846329607814,0.25778898801431166,0.3919672110676765,0.024438900677999344,0.011955355125446113,0.01906897205543518,0.02283444141540527,0.01246448457996639,0.01823183770751953,1.209595192648935,1.2034460480566476,3878.4877260234207
core50,rwalk,00,10,0.020124075934290886,0.05988021567463875,0.01994105987250805,0.0,-0.07883469015359879,0.04614560073852539,0.009832852552237268,0.0015461853027343778,0.01825188418638706,0.003518835984503375,0.0020309785766601564,0.008203656079101562,0.0015162636981974973,1.690429687499842e-05,1.0196076217080474,0.9806234996303552,7869.193213172257
core50,rwalk,01,10,0.02129821479320526,0.06886186450719833,0.020867768675088882,0.0,-0.18783514201641083,0.08137573287963865,0.037529230674311645,0.0048539611816406265,0.02200569016543901,0.010277252331180233,0.006639439190864563,0.012215013314819336,0.005221274354993968,8.095703124998826e-06,1.0457895196893328,0.9835674208110948,7826.40834310092
core50,rwalk,02,10,0.019647669047117233,0.05863025784492493,0.021170731633901596,0.0,-0.10068920999765396,0.04659032714843749,0.011422095104789629,4.46197509765614e-05,0.018286672844338416,0.0037351253456321537,0.0023168126220703116,0.00824007671508789,0.001565634404091454,7.650390624999032e-06,1.0197569733405882,0.9806642734679503,7793.151578536723
core50,rwalk,03,10,0.02042493410408497,0.059690605849027634,0.020867768675088882,0.0,-0.08599431067705154,0.04377236999511719,0.005798744963223708,0.0012080093383789077,0.01794613017334938,0.002517724886111566,0.0015295087890625,0.008899860212707519,0.0005983081440157948,8.943359374999349e-06,1.0183743840892154,0.9803219222911388,7767.257381757256
core50,rwalk,04,10,0.020024742931127548,0.056561361998319626,0.02136409282684326,0.0,-0.1545112431049347,0.04678215209960938,0.010120014343908985,0.000534225463867187,0.018459714354324343,0.004130266433267088,0.002320056884765625,0.008398116674804687,0.0017756578362913874,5.92187499999855e-06,1.0204073283764254,0.9807954925004573,7807.757282536011
core50,sdlora,00,10,0.30908191204071045,0.6313136219978333,0.47054409980773926,0.0,-0.28644001483917236,0.3636550475946069,0.10162083356047875,0.16490802614688874,0.019835009383811376,0.0030118715758367135,0.006440882358120987,0.01915464666748047,0.004379325948187426,0.007562645874023438,1.0200304214281144,0.7165429066265186,5342.000388953835
core50,sdlora,01,10,0.3014380633831024,0.6177507042884827,0.46623215079307556,0.0,-0.2647761404514313,0.3595940628947317,0.10070141048849177,0.14187263171672823,0.01972214305554564,0.003029326378568095,0.006225964476835915,0.018982754071044924,0.004332259739242662,0.006834335876464844,1.0269769514184073,0.7126825442922445,5409.42167867301
core50,sdlora,02,10,0.31626981496810913,0.641353964805603,0.47666868567466736,0.0,-0.26129066944122314,0.3407658678469062,0.07775996993635241,0.13945949923992157,0.019415769345451563,0.00249963199361299,0.0060210162434814266,0.018463539794921872,0.0034456752558215805,0.006489305236816406,0.9987842483862698,0.6931693926121364,5351.4879025998525
core50,sdlora,03,10,0.3135876953601837,0.6326075792312622,0.47910767793655396,0.0,-0.2300567775964737,0.3536403573145718,0.09150061069847841,0.13551275877952576,0.01961896379816416,0.0028206249115483423,0.005241709887424019,0.018778686553955082,0.0039940588370352016,0.006036339660644532,1.0112764005315305,0.6834226387033464,5376.360885275062
core50,sdlora,04,10,0.314260870218277,0.6356579661369324,0.4826832711696625,0.0,-0.25157102942466736,0.34591344513818617,0.08619685843500366,0.13098424904346465,0.01942915243123491,0.0026105330597951063,0.0054021949338165,0.018534396966552732,0.003727210205296645,0.006030488830566406,1.005127224740555,0.6826758265103914,5344.304514242336
core50,tball,00,10,0.3220730125904083,0.6437546014785767,0.5016347169876099,0.0,-0.28849080204963684,0.3182586624190212,0.06603933792271081,0.10486491718292236,0.018934931987216894,0.0018790831822661357,0.004279737168878085,0.017608474371337893,0.002774342359078597,0.0046785885620117176,0.9733022979377302,0.6491235874938347,5552.1941869203
core50,tball,01,10,0.32598477602005005,0.6510164737701416,0.5098744630813599,0.0,-0.2740706205368042,0.31397033236905936,0.05882372782483626,0.08943525121212006,0.018770803764380766,0.0017081926752129484,0.003807371044207363,0.017460512908935546,0.0025201964255136093,0.004222988098144532,0.9680066561762531,0.6353112131262766,5527.07544202311
core50,tball,02,10,0.33383405208587646,0.6638895869255066,0.5253841280937195,0.0,-0.26305416226387024,0.3098593728280067,0.05042271834221148,0.08590143973827362,0.018784792554271602,0.001534568152881006,0.003880659091369714,0.017379967059326172,0.0022390656950976493,0.004152371154785157,0.9606241903866621,0.6253614723448833,5527.172265282832
core50,tball,03,10,0.33392494916915894,0.660653829574585,0.5350908041000366,0.0,-0.24015876650810242,0.30956479014620186,0.04765883265642856,0.07186678032875062,0.01860222110985498,0.0013186987084512583,0.003275161217243875,0.01715806317138672,0.001986318153176985,0.0033348515014648434,0.9621942318080882,0.6085496118715602,5511.7858236460015
core50,tball,04,10,0.3323368430137634,0.6611557602882385,0.5157151222229004,0.0,-0.2548424303531647,0.3093186954542994,0.04914656152116694,0.08647700216770171,0.018778922834655324,0.001664104763895063,0.0038451710342546,0.017390261907958983,0.002295616023467436,0.004165163146972658,0.9644756587196326,0.6356694947462513,5601.910083457828
core50,tball-mnd,00,10,0.32457754015922546,0.6430265307426453,0.5126038789749146,0.0,-0.28043332695961,0.2796315626084805,0.039450090283270636,0.062259627103805525,0.01845595563341334,0.00118861460128691,0.0027915288746040317,0.016478264642333984,0.001763038054053645,0.0028945822143554684,0.9464663826940362,0.6294963320871668,9990.858459213749
core50,tball-mnd,01,10,0.3262380361557007,0.6470721960067749,0.5270872116088867,0.0,-0.26010310649871826,0.2779435542291403,0.04005429492652207,0.04392464451789855,0.018328350182033125,0.00104553871289016,0.002079876541210339,0.016379518762207033,0.0017435755194560524,0.0021214271240234377,0.944730967523004,0.6051956257214782,9902.895985967014
core50,tball-mnd,02,10,0.33370524644851685,0.6606928110122681,0.5372435450553894,0.0,-0.2610456347465515,0.27144269414193933,0.0378951606729238,0.04061394920349119,0.018362046009063625,0.0010194983114768194,0.002422752400917932,0.016293080450439455,0.0017107087662395389,0.0025401801757812498,0.937065614101883,0.6049716992004557,9885.924570251722
core50,tball-mnd,03,10,0.3345814347267151,0.657126784324646,0.5391052961349487,0.0,-0.22272582352161407,0.2731724209213257,0.033971917220135296,0.03847824730873106,0.018277793516031884,0.0008076932301330676,0.002024758385758849,0.016114451080322265,0.0013947315949140633,0.0020354576416015623,0.9371146171588098,0.5950163805812194,9811.513298348058
imagenetr,ball,00,10,0.25301340222358704,0.5111340284347534,0.4004952907562256,0.0,-0.07412350177764893,0.19162251296242075,0.041496294356356836,0.03146684304873147,0.004561875163009861,0.0001853542137592524,0.000249474302775537,0.0029987497469584146,0.00037515414546323265,0.00021322256724039701,0.9373834299877875,0.7369433397804008,3873.14946939284
imagenetr,ball,01,10,0.2508344054222107,0.5055714249610901,0.4055279791355133,0.0,-0.06788356602191925,0.198230401943624,0.04554488805253718,0.03537194554011028,0.004547340501603078,0.00017217792671048559,0.00015955849209800356,0.003056618672688802,0.0004159095042657036,0.00023291617075602244,0.9450697938734688,0.7338105122546295,3988.317712077871
imagenetr,ball,02,10,0.24964258074760437,0.5041000843048096,0.40051349997520447,0.0,-0.06279221922159195,0.20008367894192536,0.04650211004376502,0.03343689719835917,0.004558627255390905,0.00018364466011154768,0.0002058613952590773,0.003081999927520752,0.0004447461509970689,0.0002509794489542643,0.9450729306641265,0.7396521571004206,4008.427965779323
imagenetr,ball,03,10,0.24773761630058289,0.5022214651107788,0.3921249806880951,0.0,-0.06521245837211609,0.2048503503277898,0.04937174411003937,0.04732621471087139,0.004566167820669443,0.00019500583622278963,0.0003128883491596213,0.003090420228322347,0.00044703079181096636,0.00040079509735107405,0.9488065442943056,0.7431742473175985,3997.016276584938
imagenetr,ball,04,10,0.24848639965057373,0.506240963935852,0.3905411958694458,0.0,-0.07691032439470291,0.19565526399215064,0.03966796151355922,0.03142502331733703,0.004560360275525954,0.00017400700232587439,0.0002108310812463363,0.0030319248046875,0.0003560274090749004,0.00024161780039469387,0.9430840988956073,0.7400345081063479,3987.982250364963
imagenetr,clora,00,10,0.2692374289035797,0.5400806069374084,0.4193013310432434,0.0,-0.1137954592704773,0.18991647700679798,0.03800259646940159,0.021585064768791205,0.00453507657919869,0.00013270866632342904,0.0001959274814991901,0.002994822016398112,0.00032004899957015085,0.00012405768076578796,0.9224604020030316,0.7125465903315189,3553.1557529000565
imagenetr,clora,01,10,0.2647450864315033,0.5325927734375,0.40700286626815796,0.0,-0.12035469710826874,0.19141277685066063,0.03735765772382096,0.022708973606427516,0.004540224826230219,0.00014977042998883333,0.00015482404228299828,0.0030055547142028806,0.000347081988999452,0.0001823712666829427,0.9271877471775352,0.7264569701223211,3736.2740808189847
imagenetr,clora,02,10,0.26330456137657166,0.5314527750015259,0.4016789495944977,0.0,-0.12184592336416245,0.19270362292627494,0.036072603745096604,0.01631031131744385,0.004546239593259796,0.00016230470363591852,0.00019103253814702225,0.003031188179016113,0.0003228717707694394,0.00011406628926595048,0.9272435318909373,0.7253225375283254,3729.6190128880553
imagenetr,clora,03,10,0.26663994789123535,0.5356789827346802,0.4179481565952301,0.0,-0.11536522209644318,0.19089955340450007,0.035298319418962366,0.017541265885035195,0.004541132019706602,0.00016403392846975906,0.0001506875728753707,0.0030305294049580893,0.00032031274842600103,0.000193475964864095,0.9221385104637803,0.7095195596219515,3736.4780012588017
imagenetr,clora,04,10,0.2667815089225769,0.5356422662734985,0.4143877625465393,0.0,-0.11454607546329498,0.19008121948683013,0.03400054264465878,0.025543727874755853,0.004534806119044706,0.0001528147866594854,0.0001630922871502118,0.002997678412119548,0.0002857600882857621,0.00013152933756510428,0.9243158967347458,0.7216175180673003,3746.6608760082163
imagenetr,ewc,00,10,0.1529628038406372,0.3674083352088928,0.1746726930141449,0.0,-0.44571197032928467,0.1364989408854395,0.029436943980126584,0.012720295270284022,0.004511334395408165,0.00017467457723808886,0.0003108470944563549,0.0023758389581044516,0.0002812837972325233,0.00011756256262461318,0.9859211188906334,0.911688690055387,3747.2470304425806
imagenetr,ewc,01,10,0.15056493878364563,0.3597589135169983,0.1906261146068573,0.0,-0.45011016726493835,0.13668254287044204,0.02774360137041628,0.013404220581054687,0.004487550754243507,0.00013138193454637529,0.00018405629535516135,0.002325039971033732,0.00023951769664711143,5.999663035074838e-05,0.9862308009641575,0.9038409560863844,3788.332658397965
imagenetr,ewc,02,10,0.152491956949234,0.36215609312057495,0.17977169156074524,0.0,-0.43584591150283813,0.1373462547957897,0.025586306462703663,0.01497817420959473,0.00452437952876937,0.00020740192766190824,0.0004504237089554469,0.002377643149852753,0.00026371238552933983,0.0002193581803639731,0.9859420763289265,0.909373970354871,3866.820595807396
imagenetr,ewc,03,10,0.14823070168495178,0.35594266653060913,0.18397927284240723,0.0,-0.4608314037322998,0.14354034177611272,0.03428960114746533,0.03203717613220215,0.004549076542505373,0.00025674102329832274,0.0006095861569046974,0.0024182367771466567,0.0003403570062748824,0.0004104825592041015,0.9917319518228798,0.9094279405788587,3813.728674273938
imagenetr,ewc,04,10,0.14949318766593933,0.36059972643852234,0.19175955653190613,0.0,-0.44903069734573364,0.14378192720562216,0.03032404451792676,0.01859299659729004,0.004514643840200501,0.00020354000651638888,0.000382877588470777,0.0024348783728281656,0.00030858505484196756,0.0002309231567382815,0.9917935767919177,0.900264663348925,3854.9287457070313
imagenetr,inflora,00,10,0.20942239463329315,0.45385709404945374,0.2744832932949066,0.0,-0.30944201350212097,0.14729909157045187,0.031522722823921025,0.02194027487436931,0.004529385360977729,0.00018916239486322308,0.0002930325456957021,0.0024652563304901126,0.00035002631463101495,0.00023509157816569023,0.953446792760074,0.8458006315193236,3958.6200258051977
imagenetr,inflora,01,10,0.20926129817962646,0.45259684324264526,0.2729582190513611,0.0,-0.30395641922950745,0.14463517245116334,0.030343318436966176,0.023089043299357095,0.004514847366444379,0.00015603272975586472,0.00019878220697243991,0.0024673450934092206,0.00029463554883213275,0.00023371465365091965,0.949682994227562,0.8399958860221726,4086.054074459709
imagenetr,inflora,02,10,0.21128472685813904,0.4560653567314148,0.2812575697898865,0.0,-0.3009724020957947,0.14239085197535653,0.033794826250236096,0.02929026031494141,0.0045164206367961975,0.0001502500523243174,0.00023198734020193413,0.0024375446240107214,0.0003253483075823136,0.0002247120920817057,0.9481999436704498,0.8361653914438393,4109.002240665723
imagenetr,inflora,03,10,0.20643778145313263,0.45008987188339233,0.2677069902420044,0.0,-0.31669825315475464,0.15034561624725656,0.030356177928204976,0.017241978804270423,0.004530436642117915,0.00014536123270934457,0.00023356107289592426,0.0025342087777455646,0.0002813941203009819,0.00018052789052327477,0.9574890995876224,0.8446851619110195,4027.3653928651474
imagenetr,inflora,04,10,0.21106159687042236,0.4589020311832428,0.2745063006877899,0.0,-0.3201068341732025,0.14215044941579302,0.03875795823040825,0.04075917243957519,0.0045289778889757975,0.0002546866605942012,0.00034688996036847427,0.0024234717391331995,0.0003966752528721133,0.0003971913750966392,0.950058109497159,0.8476998773733752,4054.306432360783
imagenetr,lora,00,10,0.11130837351083755,0.3062762916088104,0.10337980091571808,0.0,-0.5666998028755188,0.1872667240329708,0.08397086742176552,0.11206112162272136,0.005051595720705111,0.0011697595632153925,0.00223053631712993,0.0030376705058415727,0.0010455454235170536,0.0014505180422465006,1.0270869318000309,0.9794583474888965,3783.50929187797
imagenetr,lora,01,10,0.11001620441675186,0.30055633187294006,0.10709352791309357,0.0,-0.5825977921485901,0.18785910135507583,0.08083126676656315,0.12051986440022787,0.004983329987383215,0.0010450496473183584,0.0022568182728687925,0.0029994091939926147,0.0009718167490982924,0.0015718895085652673,1.0261992770360344,0.9781088147937647,3732.15532046929
imagenetr,lora,02,10,0.1119489073753357,0.3038956820964813,0.10218216478824615,0.0,-0.5539314150810242,0.18671467704425254,0.07901758632783215,0.12001270739237466,0.004971572575219441,0.0009932990712697262,0.0021628635187943774,0.002933732002099355,0.0009170922097419601,0.0014380818430582685,1.0241723505652407,0.978293393984565,3703.4593245070428
imagenetr,lora,03,10,0.10988727957010269,0.29939454793930054,0.10708747804164886,0.0,-0.5813668370246887,0.18720096748887255,0.07896790269659065,0.1052346897125244,0.004905019844229333,0.0009643950102830141,0.00182048652946949,0.0029506820788383482,0.0009702292600190911,0.0012465454292297361,1.026442368029802,0.9709850067507376,3782.065365063958
imagenetr,lora,04,10,0.109494648873806,0.30096694827079773,0.10245932638645172,0.0,-0.5724997520446777,0.18776233507854242,0.07363373456324751,0.10656906382242838,0.004896902272911354,0.0009467761948246497,0.001951223635872205,0.0029587455975214638,0.0008928635442910515,0.0013164758872985835,1.0273372020517584,0.9730005526649608,3742.3692164598033
imagenetr,rwalk,00,10,0.18923574686050415,0.40853351354599,0.29228344559669495,0.0,-0.05148392170667648,0.45679027427776403,0.3066590957890123,0.27850253261129065,0.005609458604131243,0.0014243427529084995,0.0022849281227987402,0.005850403331756592,0.0033761050639669428,0.0032595692189534503,1.175992895278037,0.9306078992586975,4333.1368168802
imagenetr,rwalk,01,10,0.1813339740037918,0.397569477558136,0.28410106897354126,0.0,-0.04096445441246033,0.4586685828182846,0.315647354638063,0.29476707223181925,0.005698310333250247,0.0015237574728145336,0.002381515170452627,0.005935566335042318,0.003500835597666668,0.0034992592875162753,1.183019477526504,0.9484452319835692,4435.036328644957
imagenetr,rwalk,02,10,0.18795695900917053,0.4085162580013275,0.2904149293899536,0.0,-0.043564315885305405,0.44999287183930486,0.3006627710377535,0.2215412829617659,0.005659352009683438,0.0014665670810325778,0.0019963515303397916,0.0058848416023254396,0.003396992198609409,0.0026917769241333,1.1733849319503569,0.9006636620932231,4395.6276921960525
imagenetr,rwalk,03,10,0.19101732969284058,0.41225433349609375,0.3046432137489319,0.0,-0.055100325495004654,0.44976063830355806,0.29884507828463225,0.2439200923070311,0.005602827932772859,0.0014164965834275972,0.002067755308881951,0.0057888547960917155,0.003301196481101371,0.0029106201299031577,1.1704241475804062,0.9050153542068379,4363.823530175723
imagenetr,rwalk,04,10,0.18654978275299072,0.40287700295448303,0.29848185181617737,0.0,-0.043393269181251526,0.46013551867945746,0.3154651983612904,0.2751624710895121,0.00569244067041096,0.0015332577475890338,0.002168199061539697,0.005896033782958984,0.0034477051887189616,0.003276483103434245,1.1805406576821253,0.9205358906153218,4351.233987335116
imagenetr,sdlora,00,10,0.26984477043151855,0.5334525108337402,0.4278772473335266,0.0,-0.10684339702129364,0.1971183150851478,0.0364037178695281,0.04065522209803263,0.004610039949914633,0.0002894219233256367,0.0005124223082136206,0.0031672659352620447,0.000388182598164297,0.0003994869359334308,0.9136853884026832,0.6938180855490866,3830.639979187865
imagenetr,sdlora,01,10,0.266459196805954,0.5286404490470886,0.4385868012905121,0.0,-0.11195691674947739,0.2018482379869868,0.044392962176786246,0.03175402096907297,0.004602682185415884,0.00030757223804580967,0.0004255943287532622,0.0032300787722269694,0.0004669763220011046,0.00035925329844156895,0.9193594720562663,0.6903284753452101,3817.4427413768135
imagenetr,sdlora,02,10,0.2662821114063263,0.5270905494689941,0.4262896478176117,0.0,-0.1137772873044014,0.19796409398217998,0.04005555439196702,0.038282424847284946,0.004616931931427049,0.0002988381082323339,0.0005130432125231406,0.0031900042037963866,0.0004183012020539332,0.00046469884236653665,0.9177503264125297,0.7010398708771955,3811.113883150276
imagenetr,sdlora,03,10,0.27063190937042236,0.5347480773925781,0.42982444167137146,0.0,-0.10132166743278503,0.19638229076080022,0.035917810482885726,0.04302627607186637,0.004607158309223282,0.00029198827268977795,0.0005252220248050683,0.0031604652671813963,0.0003792449624570538,0.00046291791280110686,0.9129383980011493,0.6930365148886157,3807.55072352197
imagenetr,sdlora,04,10,0.2669230103492737,0.5302236080169678,0.43018776178359985,0.0,-0.11243968456983566,0.20089269076101482,0.043316808195608784,0.042336197098096225,0.004613109374837235,0.00031426136750684774,0.0004935520225084228,0.003224171122233073,0.00044155695783993867,0.0004422141138712566,0.9168096150086902,0.6940563928027145,3830.9821813851595
imagenetr,tball,00,10,0.26806551218032837,0.5269370079040527,0.4364117980003357,0.0,-0.09431333839893341,0.18395326709952206,0.029378261704095236,0.026289886593818652,0.0045748824808388286,0.00021093993306717075,0.0003789546536755131,0.0030424488919576008,0.000302714382627164,0.0002998062260945638,0.9100860315790879,0.6888833557320952,3887.7923974990845
imagenetr,tball,01,10,0.2655102014541626,0.521457314491272,0.43807631731033325,0.0,-0.09032638370990753,0.18534279530861725,0.034702272548890536,0.020825523098309845,0.004566582982619467,0.00021930559546152507,0.0002686035034293307,0.0030472985153198245,0.0003157262534902317,0.0001547403589884444,0.9115460479956532,0.6826315544581684,3837.3283154540695
imagenetr,tball,02,10,0.267677366733551,0.5254172086715698,0.43790674209594727,0.0,-0.09453070908784866,0.17976761290008822,0.02746301024240923,0.02386076327164968,0.0045800219963724395,0.0002317307062838891,0.0004164322399099669,0.0030135209884643555,0.000271240637190241,0.00022812899271647111,0.908651933853377,0.6888702234422446,3813.0109288580716
imagenetr,tball,03,10,0.27241045236587524,0.5318604707717896,0.4465736746788025,0.0,-0.09193137288093567,0.1792357831755032,0.02692983645373828,0.019942667305469498,0.004577465457366622,0.00021967243894405758,0.00037823428658613283,0.0030214714177449545,0.00026339407063280626,0.0002726974360148111,0.9063697014022216,0.6818225966051996,3861.594700937625
imagenetr,tball,04,10,0.2677916884422302,0.5269258618354797,0.44380131363868713,0.0,-0.10004030913114548,0.178293930192478,0.0275888559234398,0.019283168355623884,0.00456546399711194,0.0001747478854817385,0.00028268637445522506,0.0029847028999328614,0.000257541557862369,0.00015618265787760414,0.9083684044667125,0.6816691363630838,3676.9661460109055
imagenetr,tball-mnd,00,10,0.2709035277366638,0.5328582525253296,0.4377817213535309,0.0,-0.09778907895088196,0.19062627003937962,0.034819984737557326,0.03643460677067439,0.004590843689405807,0.0002491983888663539,0.0004568001223312846,0.003116644967397054,0.0003328360722188124,0.0003657678604125977,0.9099943026679844,0.6868828472113692,5316.51714763511
imagenetr,tball-mnd,01,10,0.268456369638443,0.525560200214386,0.44440779089927673,0.0,-0.08959885686635971,0.1914043683126569,0.038611069076974286,0.030285740574200956,0.004594200048222918,0.0002658122805738665,0.0004125310389992466,0.0031248460044860835,0.0003752495149596274,0.0002862739817301433,0.9115470272816539,0.6814640170788522,5253.864157483913
imagenetr,tball-mnd,02,10,0.27042651176452637,0.5300224423408508,0.44010335206985474,0.0,-0.0905047208070755,0.1861069744762654,0.03169113559703053,0.03430935204029086,0.00459479404831469,0.00026337767510346946,0.000497740009338983,0.0030963287302652994,0.0003439300559061575,0.00041345169067382847,0.9081704833290359,0.6869302536636848,5344.244301735889
imagenetr,tball-mnd,03,10,0.2750599980354309,0.536246657371521,0.45034360885620117,0.0,-0.08571664988994598,0.18540702736644693,0.03179619629617678,0.026472415506839736,0.004592977575943339,0.00026704785634835927,0.0004708159528273001,0.0031041919937133786,0.0003470995441048927,0.0003793831125895179,0.9059254280984816,0.6805119529710876,5320.505332990084
imagenetr,tball-mnd,04,10,0.26946181058883667,0.5306742191314697,0.44507426023483276,0.0,-0.10214167833328247,0.18494241206465906,0.03326715025891601,0.025634947021802256,0.004581915981354266,0.00022267127782468545,0.00035097487125933794,0.0030583513971964523,0.0003072466299784961,0.00027275341033935547,0.9078090802016033,0.6789618259333626,4771.0327469748445
